A0A087WUL8,A0PJX0,A1E959,A1KXE4,A8MQ03,A8MVS5,B2RXF5,O00167,O14503,O14867,O14920,O14936,O15162,O15321,O15354,O15496,O43169,O43597,O43609,O43665,O43790,O43791,O60504,O60663,O60806,O60936,O75031,O75344,O75444,O75525,O75553,O75711,O75716,O76003,O76011,O76036,O76081,O94929,O95229,O95231,O95273,O95416,O95711,O95967,O95980,P02652,P02751,P04141,P05107,P05113,P05164,P05187,P06702,P07498,P07550,P08151,P08246,P08311,P08686,P08700,P08754,P09471,P0C6X7,P0C746,P0C7H8,P10636,P10745,P12524,P13284,P13498,P13796,P14373,P15289,P15407,P15408,P18847,P19012,P19086,P20138,P20160,P20702,P20963,P22301,P22735,P23141,P23142,P24158,P24592,P25490,P25786,P25788,P26371,P27658,P27918,P27958,P31273,P31943,P32242,P32927,P35241,P36406,P40199,P41223,P42679,P49238,P49639,P49795,P49961,P50416,P51828,P55198,P57678,P59990,P59991,P60014,P60328,P60329,P60331,P60369,P60370,P60409,P60410,P60411,P60412,P61236,P61978,P63172,P63244,P78317,P78324,P78385,P78386,P78423,P86496,Q01344,Q02535,Q02930,Q03989,Q04725,Q07627,Q08334,Q08722,Q12837,Q12888,Q13137,Q14145,Q14494,Q15034,Q15038,Q15149,Q15323,Q15768,Q16082,Q16348,Q16531,Q16825,Q17RB8,Q2TAC2,Q2TAL6,Q2WGJ6,Q3LHN2,Q3LI59,Q3LI66,Q3LI70,Q3LI72,Q3MIV0,Q3SYB3,Q3SYF9,Q3V5L5,Q53HV7,Q5BKX5,Q5JR59,Q5SWW7,Q5T4B2,Q5T6F2,Q5T751,Q5T752,Q5T753,Q5T754,Q5T7P2,Q5TA78,Q5TA79,Q5TA81,Q5TCM9,Q5TD97,Q5TEJ8,Q5VWX1,Q69YG0,Q6A162,Q6EMK4,Q6FG41,Q6IA69,Q6IQ16,Q6L8G4,Q6L8G8,Q6L8G9,Q6L8H1,Q6L8H2,Q6N022,Q6NX45,Q6P1K2,Q6P1W5,Q6PEX3,Q6RSH7,Q6UXA7,Q6UXX5,Q6UXX9,Q6UY14,Q701N4,Q70EL1,Q7L273,Q7Z3S9,Q7Z417,Q7Z419,Q7Z4W3,Q7Z5V6,Q86WC4,Q8HWS3,Q8IUB9,Q8IUC0,Q8IUC1,Q8IUC2,Q8IUC3,Q8IUG1,Q8IYB5,Q8IYR0,Q8IZ26,Q8IZ63,Q8N103,Q8N1E2,Q8N684,Q8N9N5,Q8NCR6,Q8NEC5,Q8NEQ5,Q8NFV4,Q8TD06,Q8WTU2,Q8WU79,Q8WYK2,Q92567,Q92608,Q92624,Q92764,Q92824,Q92922,Q93062,Q969E8,Q969X1,Q96A09,Q96CE8,Q96EG3,Q96IF1,Q96IQ9,Q96LW2,Q96M29,Q96MH2,Q96PM5,Q96PV0,Q96PV4,Q96S59,Q96SF7,Q99572,Q99732,Q99750,Q9BQ66,Q9BQE5,Q9BRT3,Q9BU79,Q9BUH8,Q9BWT7,Q9BYD5,Q9BYM8,Q9BYP8,Q9BYQ0,Q9BYQ2,Q9BYQ3,Q9BYQ4,Q9BYQ6,Q9BYQ7,Q9BYR0,Q9BYR2,Q9BYR3,Q9BYR5,Q9BYR6,Q9BYR7,Q9BYR8,Q9BYS1,Q9BZE0,Q9BZM2,Q9BZW7,Q9C040,Q9GZV8,Q9H0F6,Q9H0X6,Q9H2F3,Q9H2K0,Q9H2X0,Q9H3L0,Q9H4G4,Q9H503,Q9H5F2,Q9H8W4,Q9H9P5,Q9HAU5,Q9HC24,Q9NQ32,Q9NRY6,Q9NTW7,Q9NV29,Q9NWB1,Q9NX55,Q9NZC7,Q9NZV7,Q9P0B6,Q9P0X4,Q9P1N4,Q9P286,Q9UBR2,Q9UDW3,Q9UF11,Q9UFD9,Q9UGC6,Q9UHV8,Q9UIJ5,Q9UJV3,Q9UKJ5,Q9UKT9,Q9ULK2,Q9ULX6,Q9UN30,Q9UNS2,Q9UPG8,Q9UPZ6,Q9Y223,Q9Y2Y4,Q9Y3S2,Q9Y458,Q9Y4G6,Q9Y5Q3,Q9Y5V3
A0A0S2Z4G9,A0A0S2Z4M1,A0A0S2Z5S9,A0A0S2Z5X4,A6NGQ2,A6QL64,A8K932,A8MT33,O00311,O14519,O14526,O14639,O15169,O43247,O43390,O43395,O43586,O43602,O43684,O43716,O43809,O60437,O60573,O75386,O75420,O75558,O75771,O75956,O95995,O95999,P00540,P03508,P04278,P05783,P06428,P08779,P09661,P09917,P09919,P0C7W6,P0C7X2,P0CG20,P14061,P15622,P17023,P17752,P24522,P25789,P26196,P26368,P28702,P31025,P32249,P32969,P35268,P38919,P40425,P41219,P50221,P50222,P53539,P54646,P55040,P55081,P57060,P58317,P61024,P61328,P62306,P62487,P62851,P63165,P68400,P78358,P78424,Q01130,Q03014,Q05209,Q07869,Q08117,Q09161,Q0A2H1,Q13330,Q13418,Q13422,Q13526,Q13569,Q13573,Q14005,Q14140,Q14142,Q14241,Q14451,Q14689,Q14764,Q14847,Q15007,Q15014,Q15154,Q15155,Q15287,Q15517,Q15777,Q15834,Q16204,Q20MH4,Q2TBE0,Q3LI64,Q3LI76,Q3LI77,Q3SY00,Q495M9,Q52LG2,Q53FD0,Q53GA4,Q53TS8,Q548N1,Q5MJ09,Q5MJ10,Q5T749,Q5T7W7,Q5THT1,Q5TZK3,Q5VWK0,Q5VWN6,Q63ZY3,Q6NT76,Q6NUQ1,Q6NYC1,Q6NYC8,Q6P2R3,Q6PII3,Q6UB99,Q6UWF3,Q6UWX4,Q6ZNG0,Q6ZSC3,Q6ZSJ9,Q6ZTQ4,Q7KZS0,Q7Z3I7,Q7Z6G3,Q86T90,Q86XU0,Q86Y26,Q86YD7,Q8IVL1,Q8IVW4,Q8IWZ5,Q8IX18,Q8IXK0,Q8IYE1,Q8IYH5,Q8IYJ2,Q8IYL3,Q8IYX7,Q8IYX8,Q8IZU1,Q8IZW8,Q8N0S2,Q8N3Z6,Q8N448,Q8N4B1,Q8N5A5,Q8N6Y0,Q8N715,Q8N8B7,Q8N8X9,Q8N9E0,Q8N9Q2,Q8NA61,Q8ND83,Q8NEA9,Q8TAU3,Q8TBK6,Q8TCE9,Q8WTP8,Q8WUH2,Q8WVP5,Q8WWY3,Q8WXW3,Q92519,Q92630,Q92914,Q969G2,Q969H4,Q969R5,Q969Z4,Q96A72,Q96BZ8,Q96C24,Q96CJ1,Q96CW1,Q96D03,Q96D16,Q96ED9,Q96GN5,Q96GY3,Q96HA8,Q96HB5,Q96JC9,Q96JN2,Q96M91,Q96ME1,Q96MF2,Q96MP8,Q96MT8,Q96MY7,Q96NE9,Q96NJ5,Q96Q83,Q96SQ5,Q96T60,Q99598,Q99614,Q99728,Q99952,Q99959,Q9BQD7,Q9BSM1,Q9BSW7,Q9BU76,Q9BVG3,Q9BVG8,Q9BVI4,Q9BXS5,Q9BYV2,Q9C086,Q9GZM8,Q9GZV7,Q9H0A9,Q9H0I2,Q9H161,Q9H1K1,Q9H257,Q9H2S9,Q9H322,Q9H3Z4,Q9H5V7,Q9H7E9,Q9H867,Q9H939,Q9H9D4,Q9HAQ2,Q9HBI0,Q9HCP0,Q9NPB3,Q9NR12,Q9NRD5,Q9NRI5,Q9NU39,Q9NUL5,Q9NX04,Q9NY65,Q9NYW8,Q9NZ72,Q9NZF1,Q9P0N9,Q9UBR4,Q9UBU8,Q9UGI0,Q9UGU5,Q9UI95,Q9UIA0,Q9UIF8,Q9UII6,Q9UJ78,Q9UJT9,Q9UK33,Q9UK41,Q9ULH1,Q9UPY3,Q9UPY8,Q9UQ90,Q9Y247,Q9Y250,Q9Y252,Q9Y2D8,Q9Y2J4,Q9Y4E8,Q9Y4Z0,Q9Y5E9,Q9Y6D9,Rv1827,Rv3033,X5D778,X5D7R7,X5DP17
A0PK11,A2A2V5,A2RU14,A6NDP7,B0YJ81,D3DWI6,O00258,O00264,O00526,O14653,O14735,O14817,O14843,O14931,O14948,O15155,O15342,O43504,O43561,O43736,O43914,O60831,O75355,O75379,O75396,O75425,O75841,O76015,O76090,O95159,O95214,O95236,O95393,O95406,O95674,O95772,P03180,P03431,P03495,P04233,P05090,P05387,P07204,P07306,P07307,P09651,P0DJD7,P0DPD6,P10620,P12314,P12318,P16070,P17150,P18859,P19397,P21145,P21757,P21854,P21964,P22732,P22794,P23560,P24593,P25090,P26678,P27449,P27707,P29400,P29972,P30273,P30301,P30536,P31513,P32856,P32971,P34910,P35914,P36810,P37268,P40939,P42857,P43005,P43657,P51449,P51798,P52803,P54315,P54849,P56851,P57105,P60059,P60201,P78310,P78329,P78382,P78383,P84077,Q01453,Q01638,Q04941,Q08708,Q09470,Q0D2K0,Q13021,Q13113,Q13635,Q13651,Q14802,Q15560,Q15848,Q16617,Q16873,Q3KSU8,Q496F6,Q4LDR2,Q53FV1,Q53G59,Q53HI1,Q58EX7,Q5BJF2,Q5BJH2,Q5BVD1,Q5EB52,Q5J5C9,Q5J8X5,Q5QGT7,Q5QGZ9,Q5RI15,Q5SNT2,Q5TGU0,Q5VZY2,Q6FHL7,Q6ICB0,Q6N021,Q6P5X7,Q6PI25,Q6UX27,Q6UX34,Q6UX40,Q6UX41,Q6UXB4,Q6ZMD2,Q6ZPD8,Q6ZUI0,Q71RG4,Q7L5A8,Q7Z6J4,Q7Z6M3,Q86VB7,Q86W74,Q86WB7,Q86Y82,Q86YT9,Q86Z23,Q8IUN9,Q8IVJ1,Q8IX05,Q8IX19,Q8IXB3,Q8IXM6,Q8IY26,Q8IYF3,Q8IZ57,Q8N2M4,Q8N2U9,Q8N357,Q8N386,Q8N3T1,Q8N511,Q8N609,Q8N661,Q8N682,Q8N6F1,Q8N6R1,Q8N8F7,Q8N912,Q8NC01,Q8TBB6,Q8TBE1,Q8TBE7,Q8TDQ0,Q8TDV0,Q8WVV5,Q8WW34,Q8WWF3,Q8WWP7,Q8WZA1,Q92482,Q92520,Q92685,Q92982,Q969E2,Q969S0,Q96A25,Q96AP0,Q96B49,Q96CM8,Q96DZ9,Q96EC8,Q96F15,Q96GM1,Q96GQ5,Q96HH6,Q96IV6,Q96IW7,Q96JF0,Q96JQ5,Q96KR6,Q96LL9,Q96MV8,Q96MX0,Q96NC0,Q96PQ1,Q99640,Q99685,Q9BSR8,Q9BVX2,Q9BWM7,Q9BZ11,Q9BZL3,Q9GZW8,Q9H0Q3,Q9H0R3,Q9H1C4,Q9H1M4,Q9H2L4,Q9H2S6,Q9H944,Q9H9B4,Q9HCP6,Q9HD26,Q9J4B7,Q9NPR9,Q9NRQ5,Q9NRX5,Q9NRX6,Q9NRZ5,Q9NS64,Q9NSU2,Q9NUM3,Q9NV12,Q9NVC3,Q9NWH2,Q9NWW5,Q9NZC2,Q9UBK5,Q9UBM1,Q9UBY5,Q9UEU0,Q9UGI6,Q9UGN4,Q9UIQ6,Q9UKG4,Q9ULY5,Q9UNK0,Q9UQE7,Q9Y228,Q9Y297,Q9Y2W7,Q9Y320,Q9Y508,Q9Y548,Q9Y5Y5,Q9Y5Z9,Q9Y6D0,Q9Y6I9
A0PJX4,A0PK00,A1L162,A1L3X0,A2A2Y4,A8MZ59,O00170,O00219,O00299,O00501,O00767,O14524,O14836,O14863,O14880,O14944,O15027,O15173,O15393,O15552,O43278,O43300,O43557,O43889,O60238,O60337,O75056,O75208,O75459,O75955,O95279,O95391,O95471,O95859,O95870,O95994,P00387,P01133,P01375,P01906,P02545,P02776,P02778,P03185,P04839,P07196,P08034,P08172,P0DSV7,P10114,P10619,P11049,P11215,P11912,P13236,P13501,P13521,P15941,P16150,P16615,P16619,P19438,P20292,P21246,P21579,P23471,P26715,P27105,P30556,P30825,P31358,P31937,P34810,P34972,P35372,P35637,P36382,P38484,P41597,P48051,P48061,P48165,P49589,P52565,P53801,P54219,P54829,P54852,P57054,P57738,P57739,P58418,P62269,P62987,P84095,P98173,Q02223,Q02297,Q03060,Q05329,Q06710,Q07283,Q07325,Q08629,Q11130,Q12967,Q13438,Q13520,Q14515,Q14542,Q14973,Q14CN2,Q15008,Q15125,Q15836,Q15849,Q16585,Q16623,Q16625,Q3KNW5,Q3KRB4,Q3SXY8,Q4KMG9,Q53GL0,Q5JX71,Q5JXX7,Q5SR56,Q5VWC8,Q6IN84,Q6MZP7,Q6N075,Q6NSX1,Q6PEW1,Q6PI48,Q6UW88,Q6UX06,Q6UXG8,Q6ZMZ0,Q6ZS10,Q7L5N7,Q7Z5P4,Q7Z769,Q7Z7N9,Q86UF1,Q86UP2,Q86UY8,Q86VR2,Q86WK6,Q86XK7,Q8IWU4,Q8IYJ0,Q8N112,Q8N205,Q8N4L2,Q8N4V1,Q8N5K1,Q8N6G5,Q8N6K0,Q8N6L0,Q8N7X8,Q8N9I0,Q8NBD8,Q8NBQ5,Q8NC24,Q8TAF8,Q8TAZ6,Q8TBE3,Q8TBP5,Q8TDT2,Q8TEB9,Q8TED1,Q8WUU8,Q8WV48,Q8WVN6,Q8WY91,Q8WZ55,Q92556,Q92838,Q92876,Q95460,Q96AN5,Q96B21,Q96BA8,Q96CS7,Q96D96,Q96DD7,Q96E29,Q96EQ0,Q96FZ5,Q96G97,Q96GZ6,Q96HH9,Q96HJ5,Q96IZ2,Q96KC8,Q96L08,Q96LC9,Q96LL3,Q96MV1,Q96PB8,Q96Q45,Q96RD7,Q96RJ3,Q96SJ8,Q96TC7,Q99735,Q99795,Q99819,Q9BPV8,Q9BQA9,Q9BQT9,Q9BRI3,Q9BRK0,Q9BRL5,Q9BSE2,Q9BU27,Q9BUP3,Q9BXK5,Q9BXN2,Q9BZJ8,Q9DHW0,Q9GZR5,Q9H115,Q9H295,Q9H2A7,Q9H6H4,Q9H7M9,Q9H9P2,Q9HA82,Q9HB14,Q9HBV2,Q9HC36,Q9HCJ2,Q9NPL8,Q9NQQ7,Q9NQX7,Q9NR31,Q9NS28,Q9NW68,Q9NW97,Q9NY72,Q9NYW4,Q9NZG7,Q9P0N8,Q9P0V8,Q9P2W7,Q9UBD6,Q9UBT3,Q9UER7,Q9UHP7,Q9UHX3,Q9UJ14,Q9UJ71,Q9UMR7,Q9UN42,Q9Y275,Q9Y282,Q9Y328,Q9Y3A6,Q9Y3P8,Q9Y4D2,Q9Y5Y7,Q9Y679,Q9YP87
A6NC98,LpqN,O00233,O14492,O14544,O14595,O14908,O15117,O15357,O15524,O43167,O43184,O43255,O43451,O43463,O43639,O60239,O60496,O60880,O75469,O75496,O75563,O75791,O75807,O75886,O76013,O92972,P00519,P00533,P01857,P02795,P03406,P03407,P04626,P05106,P05114,P06239,P06241,P07332,P07333,P07602,P07947,P07948,P07949,P08069,P08238,P08581,P08631,P08922,P09544,P09603,P09769,P10253,P10275,P10632,P10721,P11362,P11473,P14598,P15311,P15498,P16333,P16885,P17948,P19174,P20339,P20936,P21741,P21802,P21860,P22455,P22681,P27986,P28329,P29317,P29350,P31994,P35326,P35968,P36888,P37840,P40763,P42336,P42338,P42681,P42684,P43487,P43628,P46108,P46109,P47712,P47897,P48023,P49407,P49841,P50402,P50461,P51116,P51148,P51451,P51608,P60709,P61020,P62993,P63104,P67809,P67870,P68402,P82650,Q00872,Q01973,Q01974,Q03135,Q04206,Q05397,Q06187,Q07666,Q07889,Q08499,Q0P6H9,Q0VD86,Q12913,Q13094,Q13177,Q13191,Q13239,Q13263,Q13308,Q13443,Q13444,Q13480,Q13829,Q13882,Q13905,Q14449,Q14457,Q14896,Q15910,Q17RB0,Q2M385,Q53H12,Q53QZ3,Q5VU43,Q6GTX8,Q6NUN9,Q6ZMJ4,Q6ZMQ8,Q6ZUJ8,Q75KN0,Q7Z6I5,Q7Z6J0,Q7Z7L1,Q86UR1,Q86WV1,Q8IWU2,Q8IZP0,Q8N5V2,Q8N5Z5,Q8N720,Q8NAM6,Q8ND90,Q8TAK6,Q8TB24,Q8WUJ1,Q8WUM4,Q8WV28,Q8WW24,Q90VU7,Q92574,Q92783,Q92797,Q92835,Q92905,Q969Q1,Q96BV0,Q96DZ7,Q96EK5,Q96GW7,Q96IP4,Q96JZ2,Q96KG9,Q96L34,Q96N21,Q96NM4,Q96PN8,Q96PU4,Q96RG2,Q99704,Q9BS26,Q9BUZ4,Q9BYV6,Q9C004,Q9C026,Q9GZU7,Q9H013,Q9H1D9,Q9H204,Q9H4A3,Q9H5J4,Q9H6S3,Q9H765,Q9H814,Q9HBL0,Q9HCN6,Q9NP55,Q9NPY3,Q9NQZ8,Q9NTJ3,Q9NUX5,Q9NYB9,Q9NZM3,Q9P0K1,Q9UIB8,Q9UID6,Q9UKG1,Q9UKR5,Q9UQQ2,Q9WNA9,Q9Y2Q9,Q9Y2R2,Q9Y4K4,Q9Y5K6,Q9Y6A2,TB8.4
A0A024RC47,A2ABF9,O00459,O00560,O00623,O14576,O14613,O14672,O15151,O43482,O43612,O43711,O43739,O43765,O75928,O75971,O95684,O95777,P01909,P01920,P02745,P02746,P02747,P04271,P04637,P05549,P06703,P06929,P07766,P08637,P0DMU8,P0DMV8,P10124,P10147,P13051,P14317,P14335,P14735,P15514,P16749,P17612,P19320,P20592,P23284,P23297,P23588,P24278,P25815,P26447,P27824,P28907,P29034,P29353,P31949,P32418,P33764,P35070,P35579,P36799,P36873,P41271,P42574,P43405,P46379,P46783,P48730,P48745,P49137,P50613,P50749,P51693,P52735,P52907,P54274,P57053,P61601,P62136,P78380,Q00994,Q01780,Q03393,Q06481,Q07954,Q13432,Q13568,Q13643,Q13956,Q14019,Q14134,Q14247,Q15109,Q15303,Q15418,Q15438,Q15582,Q15843,Q15942,Q2F862,Q5RL73,Q5T3J3,Q5T4S7,Q5T7Y6,Q5UIP0,Q6PGN9,Q6Q0C1,Q6RW13,Q6UXH1,Q6ZUT1,Q76KX8,Q7Z5R6,Q7Z6G8,Q86UX7,Q86YQ8,Q8IUH5,Q8IZU0,Q8N653,Q8N6D5,Q8NHQ1,Q8TD43,Q8WWN9,Q8WXE1,Q8WXG8,Q91B85,Q92599,Q92843,Q969U6,Q96B96,Q96EK6,Q96G21,Q96KQ7,Q96NB1,Q96PU8,Q99075,Q99418,Q99633,Q99962,Q9BS40,Q9BSI4,Q9BUB5,Q9BWF2,Q9BWW4,Q9C005,Q9C019,Q9C0D0,Q9GZY6,Q9H422,Q9H4A9,Q9H788,Q9HB71,Q9HC52,Q9NP31,Q9NQ75,Q9NRR5,Q9NWQ9,Q9NYB0,Q9NZ94,Q9NZD8,Q9UF56,Q9UGL9,Q9UHD9,Q9UHP3,Q9UMX0,Q9UQM7,Q9Y6K9,Rv1074c,Rv1075C
A0A140G945,A6NFD8,D3DTS7,G5E9A7,O14645,O14777,O15304,O15553,O43447,O43610,O43741,O60333,O75030,O75190,O75400,O75460,O75478,O75603,O75923,O75925,O76024,O95466,O95551,O95983,P00441,P00749,P03372,P03950,P04004,P04275,P04792,P06307,P06396,P07339,P07384,P0DTC2,P10412,P10606,P13473,P13637,P14136,P16403,P17024,P18848,P19474,P20333,P22607,P26378,P26436,P26440,P28799,P35080,P35125,P35240,P42261,P42858,P48060,P48643,P50148,P50542,P50897,P52790,P53634,P54252,P54652,P55008,P55212,P55273,P60891,P62491,P62714,P62826,P68104,P68133,P85299,P99999,Q00403,Q01658,Q02363,Q03405,Q03463,Q0VDC6,Q12884,Q12933,Q13077,Q13164,Q13393,Q15527,Q1HVD6,Q2I0M5,Q32Q52,Q3KNS6,Q3LI73,Q3SY46,Q5VZ18,Q5W0N0,Q6IPM2,Q6NVU6,Q6WN34,Q6XD76,Q6ZNE9,Q76G19,Q7L591,Q7Z3H0,Q7Z412,Q7Z4N8,Q7Z602,Q7Z699,Q86UW9,Q86V38,Q86WV8,Q8IYN2,Q8N1L9,Q8N2W9,Q8N8A2,Q8NEU8,Q8TAQ5,Q8TAV5,Q8TBB1,Q8TDX5,Q8TEW6,Q8WW14,Q8WWN8,Q8WWY6,Q8WXF7,Q8WXI9,Q8WXK1,Q92529,Q92625,Q92870,Q96BR5,Q96T11,Q99081,Q99932,Q9BVL2,Q9BXA5,Q9BXW4,Q9BZW5,Q9GZY8,Q9H0D6,Q9H2W1,Q9HB20,Q9NNX6,Q9NP66,Q9NQ94,Q9NUH8,Q9NYF5,Q9NZD1,Q9P104,Q9UKQ2,Q9UP83,Q9Y2K9,Q9Y371,Q9Y3C5,Q9Y3Z3,Q9Y4B6,Q9Y4H4,Q9Y575,Q9Y5Q9,Q9Y649
A4FU69,A4UGR9,A6NCM1,A6NJL1,A8K855,B5ME19,O14958,O15090,O15403,O15440,O43150,O43680,O43895,O60383,O60673,O75094,O75330,O75351,O75844,O94811,O94989,O95425,O95922,P04908,P05154,P09565,P13667,P13725,P13805,P13994,P15924,P16401,P16402,P19338,P20020,P24043,P27816,P34931,P35499,P35626,P39019,P40222,P43694,P45973,P46087,P48067,P48200,P48645,P49641,P52926,P54198,P55197,P57071,P62805,P78369,Q01826,Q03188,Q13201,Q13206,Q13342,Q13459,Q13523,Q13576,Q14031,Q14690,Q14807,Q15003,Q15388,Q16778,Q29RF7,Q2MKA7,Q2NL82,Q4G0J3,Q5JY77,Q5NDL2,Q5QNW6,Q5SQQ9,Q5SSJ5,Q5T655,Q5VT52,Q68DD2,Q6IN85,Q6ZN66,Q6ZQQ6,Q71DI3,Q71H61,Q7L2E3,Q7RTU5,Q7Z3Z4,Q7Z406,Q7Z589,Q7Z624,Q7Z6I6,Q7Z7A1,Q86U86,Q86VK4,Q8IUE6,Q8IY18,Q8IYX3,Q8IZS5,Q8N3U4,Q8N4N8,Q8N6Q8,Q8N7X0,Q8N998,Q8NDH2,Q8NDI1,Q8NEN9,Q8NF91,Q8NFH8,Q8TAL5,Q8TD16,Q8TD19,Q8TEW8,Q8WWI1,Q8WYJ6,Q8WZ42,Q92576,Q96G01,Q96J77,Q96KK5,Q96N11,Q96NH3,Q96NZ8,Q96PE2,Q99523,Q99626,Q9BQI3,Q9BY77,Q9BYN7,Q9BYP7,Q9H4L4,Q9HCK1,Q9NQ76,Q9NQZ2,Q9NXF1,Q9NYX4,Q9P1P4,Q9UBM8,Q9UFH2,Q9UHB7,Q9UJT2,Q9UJX5,Q9UKJ3,Q9ULE3,Q9UM73,Q9UPP1,Q9UPS8,Q9UQB8,Q9UQQ1,Q9Y3C4,Q9Y4B4,Q9Y4G8,Q9Y4L1,Q9Y592,Q9Y5J1,Q9Y5T5
A6NEM1,A8K900,B2R894,B2RXH8,G3V1X1,O15111,O43613,O43633,O60293,O75251,O75688,O76061,O96017,P01100,P02008,P03427,P03428,P05204,P09234,P0CG48,P11021,P11229,P14416,P15153,P17081,P19878,P22897,P27361,P28223,P28482,P30041,P31749,P31930,P32121,P35221,P35414,P41222,P42345,P43116,P45984,P45985,P46089,P46734,P49419,P52566,P53779,P60763,P60953,P61586,P61960,P63000,P63010,P98171,Q00722,Q06455,Q13233,Q14129,Q14192,Q14940,Q14D33,Q15327,Q15669,Q15811,Q16539,Q2M1Z3,Q3B820,Q67296,Q86V42,Q8IX15,Q8NF50,Q8TAQ2,Q8TCU6,Q8TDS5,Q8TEY7,Q92845,Q93079,Q96DV4,Q96G25,Q96HR3,Q96II8,Q96QT4,Q99683,Q99835,Q9BRR9,Q9BSJ6,Q9BT17,Q9NQT4,Q9NR30,Q9NW38,Q9NXK8,Q9NYA3,Q9P0T4,Q9UBT7,Q9Y251,Q9Y2L9,Q9Y2V2,Q9Y2V7,Q9Y3Q8,Q9Y496,Q9Y5B8,Q9Y6N7,X5DP20
C9JCN9,O14796,O75127,O95238,O95363,O95678,O95872,O95990,P01189,P02511,P06493,P08670,P08727,P09067,P13196,P15884,P17568,P20618,P26367,P28062,P31249,P37173,P43364,P48378,P50454,P50995,P52597,P53672,P56279,P56524,P60903,P61626,P78412,Q01196,Q01546,Q06587,Q12951,Q13084,Q13322,Q13485,Q13835,Q15532,Q15915,Q4VAX2,Q53SE7,Q5JST6,Q5TFG8,Q68D86,Q6BCY4,Q6NZ36,Q6VGT1,Q7Z3B4,Q7Z614,Q7Z6J9,Q86TB9,Q8IVS8,Q8N7C3,Q8N9I9,Q8NB16,Q8NET5,Q8NI38,Q8TAE8,Q8TD31,Q92731,Q92966,Q92974,Q969L2,Q96BY6,Q96EL3,Q96IK5,Q96IZ5,Q96J01,Q96LM5,Q96LR2,Q96MD2,Q96NU1,Q96PK6,Q99895,Q9BQ04,Q9BRU9,Q9BSH3,Q9BXY8,Q9H0W8,Q9H165,Q9HBE1,Q9NQL9,Q9NQX0,Q9NS91,Q9NYG5,Q9P2K5,Q9UBB9,Q9UHL0,Q9UPU9,Q9Y242,Q9Y6A5
EspR,O00471,O14494,O14862,O43598,O60259,O60260,O60784,O76071,O94927,O95568,O95858,P03126,P06132,P06930,P07858,P07954,P09086,P09496,P10074,P10599,P10644,P11142,P12956,P14314,P17096,P18858,P22234,P26583,P29466,P35548,P40692,P41220,P42167,P58753,P61019,P61224,P62195,Q00765,Q08116,Q08345,Q08AM6,Q12852,Q12873,Q13467,Q13867,Q13895,Q14194,Q14524,Q15080,Q15714,Q49AN0,Q56P42,Q5S007,Q6RFH5,Q86VX9,Q8IVD9,Q8N6T3,Q8NAF0,Q8TAM1,Q8WZ60,Q99471,Q9BPW8,Q9BVA1,Q9BVJ6,Q9BWH2,Q9BX66,Q9BX74,Q9H596,Q9NPP4,Q9NQX5,Q9NRY5,Q9NZC3,Q9P244,Q9P2H0,Q9UBQ0,Q9UD71,Q9UKJ1,Q9ULZ3,Q9Y262,Q9Y266,Q9Y2I6,Q9Y2X7,Q9Y3A5,Q9Y5U9
A1A4E9,A1L4K1,A8K0Z3,B2R8Y4,O00161,O00421,O15160,O15372,O60941,P01034,P02533,P03366,P05067,P10145,P13646,P25025,P25791,P31146,P43365,P46940,P50502,P54253,P61326,Q05940,Q08043,Q13243,Q13303,Q13515,Q14161,Q14318,Q15750,Q2M2I5,Q5ST30,Q6IB98,Q6P597,Q6UXY1,Q6ZU52,Q7L099,Q7L2H7,Q7L2Z9,Q7Z3Y7,Q7Z7G0,Q86YM7,Q8IY31,Q8IYA8,Q8N7P3,Q8NBJ4,Q8TB22,Q8TDH9,Q8TES7,Q8WVX3,Q92558,Q93033,Q96EV8,Q96GM5,Q96HE8,Q96HT8,Q96L14,Q99757,Q99963,Q9BVK8,Q9C0F1,Q9H5Z6,Q9H6L4,Q9HD20,Q9NP94,Q9NSB8,Q9NSC5,Q9NSK0,Q9NX70,Q9NY26,Q9NYP9,Q9P2A4,Q9P2W3,Q9UHX1,Q9UMX1,Q9Y285,Q9Y3L3,Q9Y4L5,Q9Y605
B2RUZ4,C3PTT6,O00206,O00602,O00754,O15198,O15389,O15455,O43699,O60315,O60602,O60603,O60674,O94993,P01854,P02679,P03107,P04013,P04578,P04591,P09429,P09467,P0C7Q2,P0DPB3,P11177,P11686,P12319,P15976,P21333,P24821,P28289,P41159,P41212,P42773,P56962,P62166,P63279,P80188,P84022,Q01543,Q02750,Q12824,Q12931,Q13363,Q14696,Q15399,Q15645,Q15796,Q15797,Q6PL45,Q7L5N1,Q86XR7,Q8IUQ4,Q8NG06,Q92688,Q92752,Q969Q4,Q96DB9,Q96LC7,Q96RL6,Q99717,Q99801,Q99836,Q9BXL5,Q9BXR5,Q9BXX0,Q9H2U1,Q9NPH5,Q9NR45,Q9NR96,Q9NR97,Q9NWF9,Q9UHI5,Q9UHV2,Q9UQP3,Q9Y286,Q9Y2C9,Q9Y336,Q9Y6C2,Q9Y6Y9
B4DYC6,O00160,O00165,O43290,O60684,O94906,P01308,P01583,P01584,P01889,P02794,P03203,P04179,P04439,P05186,P07305,P07900,P08047,P10321,P14778,P15104,P16104,P17693,P17844,P18146,P20700,P23469,P25685,P27930,P30511,P31948,P35556,P35961,P49069,P52292,P58340,P59046,P60866,P78314,Q00978,Q01518,Q01844,Q02040,Q03933,Q13200,Q13451,Q13489,Q14152,Q14213,Q14CS0,Q15650,Q15773,Q3B8N2,Q53FC7,Q6PK50,Q7L5A3,Q7LFX5,Q86XS5,Q8N423,Q95J06,Q96BE0,Q96CP6,Q96EY1,Q96F10,Q99608,Q9BPW0,Q9BTA9,Q9BTE6,Q9BWG6,Q9HCJ0,Q9NPH3,Q9NQ31,Q9NRR4,Q9NYK1,Q9UIM3,Q9UNE7,Q9Y490,Q9Y546
A0A1V1IGJ9,D7RIG0,ESAT6,F7VJQ1,O00391,O14933,O14994,O15360,O43186,O75143,O75385,O75817,P01848,P01850,P01903,P01911,P02686,P02792,P03437,P03886,P04156,P06340,P0DP24,P13765,P17947,P19440,P23769,P25105,P28067,P28068,P28347,P29274,P31040,P31751,P32246,P38432,P43490,P49770,P49810,P55160,P62820,Q00610,Q00839,Q00987,Q01628,Q04864,Q05586,Q13287,Q13618,Q15306,Q16695,Q16820,Q53XC2,Q5JR12,Q5T7V8,Q6NTF9,Q6P1Q0,Q70CQ1,Q86UV7,Q86VE9,Q86W54,Q8IYR6,Q8TCQ1,Q8TDY2,Q8TEV9,Q92793,Q969Y2,Q96ES6,Q96LT7,Q96MU7,Q99714,Q9BPX4,Q9BXJ8,Q9H3G5,Q9H3N1,Q9H8Y1,Q9Y2M0,Q9Y342
A8K8P3,O14733,O14745,O14929,O15525,O43521,O43747,O60488,O60711,O60832,O75843,O94762,P01033,P01137,P04150,P05412,P06401,P08254,P08962,P09622,P14780,P17275,P17535,P17676,P18206,P21549,P24534,P24557,P25800,P31274,P35638,P48059,P49715,P49716,P50281,P53567,P55957,P56377,P61956,PE25,Q05516,Q07812,Q10586,Q13011,Q13323,Q15744,Q16520,Q16534,Q16548,Q16611,Q494U1,Q5HYN5,Q5TA45,Q63HR2,Q8IVE3,Q8N3L3,Q8ND24,Q92934,Q96BD5,Q96HA1,Q99814,Q99972,Q9BQY4,Q9BUY5,Q9BXH1,Q9BYV9,Q9NR55,Q9NRQ2,Q9NV31,Q9NWQ4,Q9UBN7,Q9UL01,Q9ULX9,Q9UMX3,Q9WMX2,Q9Y473,Q9Y586
O14641,O15145,O43353,O43516,O43566,O94868,O94875,O95633,O95751,P04183,P04899,P06753,P07355,P09493,P09923,P12931,P15336,P15382,P19883,P21730,P25774,P40429,P42680,P42768,P51787,P54257,P55072,P56693,P57073,P57075,P67936,P78325,Q04724,Q10471,Q13761,Q13951,Q14088,Q14203,Q14789,Q15642,Q16537,Q569H4,Q5T0N5,Q5T230,Q70UQ0,Q86XT4,Q8IV03,Q8IWZ3,Q8NAA4,Q8TF74,Q8WV41,Q8WV44,Q8WZ75,Q92882,Q96C92,Q96HC4,Q96N67,Q96NT3,Q96RF0,Q96RT1,Q96RU3,Q99616,Q9BZL4,Q9BZR9,Q9H082,Q9H444,Q9H4E5,Q9HB58,Q9HC29,Q9NZZ3,Q9P0J0,Q9Y2W2,Q9Y3D6,Q9Y5P8,Q9Y5X1
O00151,O00499,O15244,O43707,O75439,O95208,P02724,P07910,P08729,P09601,P10451,P18433,P21580,P23763,P29017,P30519,P35408,P42566,P46934,P49790,P57076,P62191,P78560,Q03001,Q06830,Q07866,Q12981,Q13571,Q14493,Q15751,Q5T442,Q5T700,Q5VTB9,Q6NVV7,Q6ZSY5,Q6ZVM7,Q7KZF4,Q7Z6Z7,Q8IYW5,Q8IZ07,Q8N743,Q8NEZ3,Q8TAG5,Q8WXH2,Q92782,Q92995,Q96F81,Q96GG9,Q96HD9,Q96PU5,Q9BPY8,Q9BSK4,Q9BSL1,Q9BY42,Q9C0K1,Q9H0M0,Q9H0U6,Q9H201,Q9HAU4,Q9NQ87,Q9NVV5,Q9NX61,Q9UBB4,Q9UJX3,Q9UM01,Q9UQB3,Q9Y2I1,Q9Y2Z0,Q9Y385,Q9Y3M9,Q9Y5J3,Q9Y5U4,Q9Y5Y2,Q9Y6I3
O00155,O14523,O14656,O14901,O15432,O43559,O43933,O95070,O95183,O95450,O95498,P01023,P01024,P02766,P04601,P06730,P17252,P19404,P19875,P21912,P26951,P30304,P41146,P41218,P41595,P43220,P48736,P49821,P50570,P55085,P61981,Q01151,Q02928,Q03113,Q0VAQ4,Q12983,Q13387,Q13449,Q15041,Q15047,Q15119,Q15466,Q15722,Q5SUL5,Q6P1J6,Q6PI78,Q8N2H4,Q8N5M9,Q8TAP4,Q8TBM7,Q8WW01,Q8WYR1,Q92478,Q92569,Q92993,Q969F0,Q96LA8,Q9BQB6,Q9BZ95,Q9H334,Q9HBY8,Q9HC97,Q9HD89,Q9NVM4,Q9NXK6,Q9UBE0,Q9UI14,Q9Y279,Q9Y5X0,Q9Y6X1
O43760,O75907,O75970,O95714,P05556,P06126,P06729,P06733,P07108,P0DP23,P14625,P15813,P19256,P22061,P29016,P31689,P39086,P50876,P61769,P62258,P62834,P63092,P63167,P78352,Q02539,Q02978,Q06055,Q07699,Q12959,Q12982,Q13424,Q13884,Q14160,Q15011,Q5T2W1,Q6DKK2,Q6P5S7,Q6PII5,Q86WA9,Q8IUK5,Q8IZY2,Q8N4V2,Q8TDF6,Q8WY98,Q92796,Q96QZ7,Q99798,Q9HAC8,Q9HC56,Q9NRS4,Q9NS75,Q9NXV2,Q9NZQ3,Q9P296,Q9UGN5,Q9Y271
LpqR,O00308,O75306,P02649,P07738,P10809,P11161,P12830,P13686,P27797,P35348,P36871,P36957,P49768,P51114,P51610,P54709,P56945,P57052,P61026,P61106,Q01968,Q08379,Q13368,Q13616,Q13625,Q13636,Q14204,Q14511,Q14964,Q15042,Q15078,Q16543,Q16659,Q30154,Q60I27,Q6DKI1,Q8NDT2,Q8TDX7,Q96EZ8,Q96P20,Q96QH2,Q9H0A6,Q9H2G9,Q9H6R4,Q9H8Y8,Q9H910,Q9HC98,Q9HD15,Q9ULI2,Q9UNN5,Q9Y2H9,Q9Y3C7,Rv3668c
Apa,O95478,P00325,P03129,P04440,P05787,P06429,P06430,P06464,P06465,P06788,P06932,P08571,P09629,P10914,P15328,P24837,P29033,P36817,P36827,P50552,P51617,P52435,P53618,P61201,P61604,Q02556,Q02809,Q12841,Q13105,Q15233,Q15654,Q16288,Q16610,Q16831,Q6ZS81,Q84292,Q86U70,Q96CV9,Q96FF9,Q96LZ3,Q99437,Q9BRK4,Q9HCK4,Q9NP61,Q9NQC3,Q9UI08,Q9Y4K3,Q9Y616
O75604,P16109,P43243,P43355,P51668,P51965,P59998,P61077,P61086,P61088,P62256,P62837,Q13064,Q13148,Q14242,Q14254,Q15025,Q5VVX9,Q6DN14,Q6GPH4,Q86XS8,Q8TD90,Q969T4,Q96A37,Q96B02,Q96LR5,Q99250,Q9BZW2,Q9H4P4,Q9H832,Q9HCM9,Q9UBF1,Q9Y2X8
P10244,P16284,P25100,P25106,P28066,P35368,P37288,P41161,P49682,P51681,P56545,P59942,P61073,P61968,P63096,P78356,Q08357,Q13007,Q16570,Q16719,Q2I360,Q86WH2,Q8TDC0,Q8WUE5,Q96J02,Q9H4G1,Q9NQ11,Q9NVL1
O14841,O94829,P02743,P08684,P19793,P21695,P22736,P32189,Q04637,Q06278,Q96KA5,Q9NVF7
O95447,P32455,P32456,Q16891,Q8TCJ2,Q96PP8,Q96PP9,Q9H0R5
O00584,P04350,P29991,Q13509,Q8WVB3,Q969X0,Q99IB8
P02741,P08603,P09038,P26022,P48039,P98066
A5PKW4,O60234,Q8IU85,Q8TAA9
O94885,P29728,P49761,Q96EF6
O14610,P62873,P62879,Q9HAV0
O60486,O75326,P08563,P08567
O75829,O95807,P20036,P56557
P02708,P63173,Q6PI73,Q9ULK0
P09326,P29692,Q8TDN6,Q9NUW4
P33076,P48382,P98168,Q2QGD7
P35222,Q8TAM6,Q8WWV3
O00453,Q7L622,Q8WUQ7
P36575,Q93091
O75581,Q9UBR5
P18428,Q10588
P55211,Q13075
O94768,P62847
P59901,Q10589
P28039,Q15700
Q8IY57,Q8TDQ1
O95727,Q9BY67
