Q96PU4,P61328,Q6UXX9,Q86WV1,P17693,Q8TDT2,P61019,Q96NU1,Q9Y3A6,Q13480,P03129,Q9UMX0,O15403,Q84292,P22794,P36827,Q969E2,Q01974,P61086,Q9NUM3,Q8WYJ6,Q16873,Q01844,O15525,Q4KMG9,Q9NZV7,Q00403,Q53FC7,Q15773,Q8TAF8,P17947,P30511,Q8IYX3,O00602,O60831,Q9Y548,Q9NRR4,Q01826,Q13137,Q96F10,A0PJX0,P07954,B2R894,P60709,P08729,Q8N357,Q7Z5P4,Q3SY00,Q3LHN2,Q9UMX3,Q9BVK8,Q9Y6I9,Q15645,P62993,P28223,P31274,Q30154,O14920,P17612,P46940,Q96FZ5,Q9H6R4,O14836,Q71RG4,Q9UBN7,Q6IN84,O75604,P03950,Q9Y275,Q96A09,P01889,Q8TDQ0,P18206,O60684,P22897,P07858,P10620,P43490,P14416,P68133,P35556,P19878,Q8TBB1,Q8WWI1,Q9P2H0,O43184,O60496,Q9BY77,Q9WNA9,Q9H3L0,Q8N2W9,Q12931,Q8N682,P34972,P61326,Q9UGI0,P05067,Q8N609,Q8NAM6,P13051,Q3MIV0,Q95460,Q5VT52,O15090,Q8ND83,Q9UQM7,Q8N4V1,Q96JF0,P50570,Q9NPY3,O95231,Q9P2W7,Q8WUE5,P86496,O43680,Q86V42,Q9NYA3,Q5JST6,Q9NXF1,Q9H0R3,P25791,Q03113,Q96HC4,A0A1V1IGJ9,Q15654,Q9HB71,Q69YG0,P22732,Q96EY1,P37173,P11912,Q96HE8,Q96RD7,Q5QNW6,O75385,P41271,P00387,Q9HB14,Q5T0N5,O14933,Q8WUJ1,O15342,Q9NS28,Q9NPL8,Q9HCN6,Q5BJH2,Q96S59,Q3KNW5,Q9UF11,P82650,P52907,Q86YQ8,Q02750,Q96N21,Q96HB5,P07498,Q01130,Q5J8X5,Q8WW24,P32121,Q9NV12,P17252,Q9Y2C9,Q6ZS81,P03886,P24043,P19086,O14994,P05164,Q9BZL3,Q15650,O00311,P27449,Q86UP2,P15622,Q9NWQ4,Q15418,Q5HYN5,P06464,Q9BQ04,Q9UPY3,Q96IZ2,Q96NZ8,Q86U70,Q15155,Q8TEY7,Q9H4P4,Q8IUG1,Q03405,P01033,Q96LT7,Q15323,P60412,O43353,P13805,Q9H3Z4,Q9Y4H4,Q8TBK6,Q7Z5V6,P85299,Q9UKT9,Q96PN8,Q5EB52,Q15399,O75030,P0C7X2,P49961,Q8N720,P19474,Q9UKJ3,Q9BWG6,Q9NY65,Q6ZQQ6,Q16625,Q8TBE7,O00264,Q9Y282,P17024,Q9Y4G8,P10253,Q9H9D4,O15117,Q16610,P01848,Q9BXN2,P03107,P31040,Q13393,Q86WA9,C9JCN9,Q6BCY4,P10074,Q07699,P07910,O15244,Q9H295,Q8IX15,Q96EK5,P0DMU8,B4DYC6,O95922,Q9NRQ2,P21912,Q8N2U9,Q76G19,Q8WZ60,P06932,Q99836,A0PJX4,Q92630,Q0VAQ4,P15328,Q9BXH1,Q6ZNG0,Q14194,Q9NYX4,P20160,Q9HD26,Q16623,Q9H4G1,Q9UQQ2,Q10471,P30825,Q96IF1,Q969Z4,P22735,O15524,O95568,Q8TD19,Q8NEQ5,Q15011,P52565,O14929,Q12959,Q9Y3C4,Q9BYV2,P38919,Q9BZJ8,P62820,Q6UX34,Q86XU0,A0A0S2Z5S9,O95183,O00258,Q5SQQ9,Q04941,P63092,Q13007,Q96B96,Q7Z6J4,P63010,Q9BZW2,Q8WWY6,P25105,Q9BVX2,P07550,Q08345,Q16778,Q8IVJ1,P06132,Q9NRD5,Q9NRS4,Q9NP66,Q15843,P09496,Q13303,Q6ZUI0,P50552,Q6PL45,P10124,Q9NZQ3,Q9H944,O60504,O00233,Q3KNS6,Q13635,Q9P0N8,Q5TEJ8,Q9Y371,O15393,Q56P42,A8MQ03,Q6NX45,Q9Y2J4,O75031,P04156,Q9Y266,Q9HB58,Q9NYB0,P62834,P21757,Q96MT8,O60293,Q8NDH2,P20020,Q9BWM7,Q9WMX2,Q99616,Q15836,P30556,P16619,Q96LC9,Q9NRI5,P60014,P12931,Q9Y385,O00161,O95872,Q4G0J3,P19012,O95777,Q9H0M0,A0A0S2Z4M1,Q9H082,P18859,O14745,Q5ST30,Q9DHW0,Q13243,Q9NW68,Q8TAK6,Q9NXV2,Q9NRR5,Q9H013,P27958,P78412,P09919,P31948,P04899,Q92558,Q8IUC2,Q5TA79,P04792,O43736,Q99683,P49768,O76003,Q9HC36,P54849,Q96GQ5,O76090,Q9Y2L9,Q8IUB9,P46089,Q03393,Q14515,Q9BRL5,P42338,Q9Y458,P48730,O94989,Q8N1E2,Q8TAZ6,Q9Y242,A6NDP7,Q96LR5,P03126,Q99075,Q9UBE0,Q9P244,P41218,Q13643,Q96PU5,Q8WV48,Q13308,Q8IZ07,Q9Y5Q3,Q969S0,P04601,Q9NQ11,Q96LC7,Q6ZMZ0,Q14973,Q8IZS5,Q9H2U1,P17676,Q9UI14,P35499,Q13094,Q96PB8,Q13835,Q03014,O75553,Q9BXR5,Q92922,P28066,Q9P1N4,Q14457,Q6DKK2,P09471,Q8IWU2,Q96HJ5,P09651,Q08499,P46109,Q14494,Q6P1K2,Q96DV4,Q9H4A3,P50461,Q14129,Q8TAV5,Q9NZ94,Q8IVW4,Q96QT4,Q9BX66,P35968,Q9UGN5,Q15849,Q8N5A5,Q8NBQ5,Q8IYJ2,Q15642,Q6Q0C1,P0C6X7,P54252,Q6A162,Q96PV4,Q8N3Z6,Q9UHP7,Q8NEA9,P11215,Q6UX06,Q9H9P5,O75208,Q99640,Q8TAQ5,Q9UMR7,P0DJD7,P02766,O00170,P46934,Q86VK4,O95447,Q96SJ8,P26440,Q14696,P40692,Q569H4,Q7Z3H0,O75425,Q96RF0,Q969Y2,O14653,Q6UB99,A2RU14,P40222,Q9HC98,Q6IQ16,Q8WVV5,O95967,O60239,Q14511,Q16082,Q53GA4,O95236,Q14D33,P0DSV7,O43895,P53801,O00165,P23297,P02792,O60238,Q9Y5Q9,O75817,P60328,O00391,Q9UBD6,Q07954,P16401,Q9NQ87,Q9BRK0,Q96L14,Q14088,Q9ULI2,P42857,P35914,Q6NUN9,Q5T4B2,Q96FF9,Q14451,Q99685,Q9UL01,Q6L8G9,Q04864,Q92574,P62805,O75496,Q6UW88,Q15811,P32856,P16333,Q9H257,O43169,Q15848,P62487,P49641,Q17RB0,Q9NPB3,Q8IZU1,Q13618,Q96RG2,Q14192,Q06481,O75843,P42681,A6NCM1,Q9C026,Q92870,Q8N912,P06429,A0A0S2Z5X4,Q15149,Q8TBM7,Q96DB9,O75925,Q13418,P62269,P57053,P84022,Q9UIM3,P15514,Q86VE9,Q9UFH2,P23588,Q14005,P16104,Q96II8,P31358,P16615,O14862,Q14140,Q15744,Q8TAM1,Q8WXI9,Q9Y616,Q86Y82,P0CG20,Q9BYQ2,P67809,Q92519,P17150,P41222,Q99835,Q15527,Q7L2Z9,O95858,Q8TEB9,P36957,Q8N6F1,Q9Y6Y9,P29353,Q9UGC6,Q08708,O95684,P25786,Q9NZC3,Q6PI25,Q5QGZ9,Q16570,Q8NEC5,P01308,O95772,P14061,P43116,P25800,Q92567,Q9BXA5,P28799,P35637,Q96SF7,O75469,Q14789,Q9HD20,P00749,P09067,P21741,Q9NP94,Q70CQ1,Q9NZG7,Q8IYN2,Q8IX18,Q9H1K1,Q12841,O43602,P16885,Q6UWF3,Q14764,P13521,P01857,O00767,X5D778,Q8NCR6,Q9NQX0,Q9P0T4,Q9UGL9,P23769,Q6NYC8,Q9NZC2,P52292,P12956,O60383,O43639,Q6ZN66,P47712,Q9NXK8,Q9BSR8,Q8TD16,P10147,P08686,Q7Z6I5,O15151,Q01196,P59046,Q9H4G4,P03495,Q96N67,Q8IXK0,Q8N684,Q9YP87,Q9BUZ4,Q86XR7,P11142,P0DTC2,P53672,Q99972,Q9H115,Q969T4,Q86Z23,Q8NC24,O00623,O43561,Q13867,Q8IZP0,Q86VB7,Q5T4S7,P02794,P09086,P09429,Q9UKR5,Q8TEW8,Q9Y2V7,P07384,Q9H2A7,P49069,Q9Y3C7,Q8IUQ4,Q8N0S2,Q5T749,Q86TB9,Q96M29,O15027,P0DP24,Q09470,P50148,Q9GZY6,Q5JY77,P10606,P61077,P78383,O43790,Q3SY46,Q8TDH9,Q96TC7,Q2TBE0,P31749,O14524,P00441,A0A140G945,Q9NS75,Q9NVV5,Q08379,P04179,Q9BQY4,Q14940,Q9Y6X1,Q01780,P29991,Q00722,Q9ULX6,O75563,Q13342,O75771,Q9UBT3,Q8N5M9,P26367,P11686,Q9Y328,P09565,Q3LI73,Q8N8F7,P50876,Q9BT17,P54829,O76013,Q9BWH2,P21860,O95471,O92972,Q63ZY3,Q3LI59,Q3SYF9,O60673,P78423,Q9Y4G6,Q13201,Q96PM5,P31937,Q13368,P60201,Q8N386,P21579,Q13882,Q16531,Q14134,P08238,Q9NTJ3,P02008,Q96LZ3,Q13616,Q5T655,Q15287,Q3LI66,Q9H204,P51114,O43557,O75558,Q9BVG3,P98173,P04183,Q96PU8,Q9Y649,Q99728,Q8N998,O94875,Q9NS64,Q9NZ72,Q6PI48,Q9NV29,O95478,Q9Y3P8,P52597,Q9UID6,Q14896,Q8TEW6,P55273,Q7L273,Q86WK6,P10914,A0PK00,Q6RW13,Q99959,P56524,Q9GZR5,P32456,P46783,P45984,Q13895,Q00978,P10632,Q9C0F1,Q9NQC3,O14645,Q53FD0,Q8NC01,P52435,P45973,Q9H1M4,Q14254,Q969R5,O14958,P10636,Q13569,O43278,Q5T751,O14936,Q9Y5E9,Q6MZP7,Q15722,P17752,P31273,D3DWI6,P47897,O75841,P24593,Q6IN85,Q7Z4W3,Q13322,X5D7R7,Q14964,P04275,Q9NR31,Q9UHL0,Q7Z6I6,Q02223,Q9BU79,Q9BQ66,P62491,Q8TCQ1,Q86UX7,P07332,A8K855,O60674,Q92835,P42566,Q8WW01,Q08722,Q15303,P14598,O00421,Q8N4N8,O75478,Q15669,Q96LA8,P35579,P49639,Q9UN42,Q9HC97,Q15034,P57739,O75907,O43613,Q6XD76,P15408,Q96JZ2,Q96PV0,O14908,P60866,Q9UKQ2,O75143,Q8TDV0,Q96EG3,Q9NSK0,P09769,P12524,Q8IUE6,Q5JXX7,Q5S007,Q96RJ3,O43255,P35548,O95990,Q8TED1,Q9Y4B4,P14314,P55197,P41220,P50402,Q8IYH5,O95273,Q9H503,Q9UHB7,P03203,Q7Z3Y7,Q8NDI1,Q08043,Q9Y297,Q9Y5Z9,P13796,P29034,O75886,O75459,Q9P2W3,P61073,Q08334,P11229,Q9HAQ2,P04591,P55008,Q9NVC3,Q8N7P3,Q4LDR2,P10619,O95633,Q96DD7,O14523,P01024,O00167,Q13568,Q6PII5,O75355,Q9Y575,Q8IUH5,P28907,Q9Y4Z0,P01850,Q12983,O95711,Q6IA69,Q11130,P46734,Q9GZU7,P21145,P49716,P13646,Q9Y5J1,Q9NQQ7,Q9HCJ0,Q5T2W1,Q9H2G9,P20333,P49137,Q9Y2M0,Q9UJX5,Q15014,Q96LL9,Q96Q83,Q9NW38,P08172,Q7Z7A1,Q6UX40,Q8IWZ5,P04004,Q8IUC0,O75344,Q8TB22,O75190,Q9HA82,Q9P0X4,Q5UIP0,Q9BYV9,Q16617,O76036,P67936,Q9H2X0,Q8N661,P40763,P11161,P43365,Q9UIA0,Q8WUM4,Q5T7Y6,Q5TD97,Q9Y3L3,Q8NF50,Q9NPH3,P61968,P19397,P35240,P50749,P48643,P07305,P16109,Q6ZMQ8,Q86VR2,Q96IK5,Q7Z7G0,Q8ND90,P13498,Q7LFX5,Q9HBE1,Q9BWT7,O00206,Q96CE8,Q9BXW4,Q14449,Q15041,Q6P5X7,P01189,P15407,Q9BSE2,O94906,Q9H788,Q9BRI3,P61769,Q15042,Q14019,P41597,Q9Y2Y4,Q6ZSJ9,Q9Y2R2,P11473,Q0A2H1,P57071,P48645,Q13233,Q13515,Q9NNX6,Q7L2H7,Q05329,Q3B8N2,Q13523,Q96NC0,Q3KRB4,Q15078,P22301,Q2F862,P23469,Q13526,P09622,Q13432,P78325,Q9GZV7,Q99250,Q8TCE9,P42680,Q06587,P09544,Q01628,Q15796,Q9H6H4,P54274,Q6EMK4,Q96NM4,P48059,Q99932,Q9UPP1,Q7Z6Z7,P61020,Q9NUH8,Q9UBK5,Q8IZW8,P08962,Q9NWF9,O75351,Q96CS7,Q5SNT2,Q8WV28,Q02040,Q9BWW4,P06241,P36888,P51451,Q9Y252,P08246,Q01968,O43463,P35221,Q9C040,P05556,Q8N4L2,Q92685,Q9NU39,O14656,P31689,P07900,P23763,Q8N6Q8,O14519,P50502,P05204,P48745,Q96HR3,P60891,Q02556,P61088,Q8IYA8,P11362,Q99963,Q09161,P43220,P06733,Q9BZE0,P58753,O76071,Q5T752,O60936,Q8WY98,Q96IP4,Q9BPX4,Q92599,O15304,P10145,P21802,Q96HT8,P07948,P26715,Q9NQX5,Q8WVB3,P35080,B2RXH8,P54709,P60329,O15389,P10721,P29972,Q8IY18,P60370,P02751,Q96DZ7,Q6ZVM7,Q6UY14,Q3LI76,Q13489,Q96EK6,P61981,Q5J5C9,Q00839,Q8N8X9,P0DMV8,Q14CS0,P57075,Q03933,Q9UQ90,Q86W74,P01906,Q8NET5,A2A2V5,Q96PK6,Q9BZM2,Q13573,P07949,Q96JN2,Q8N423,Q96HH6,Q7Z624,Q9HBI0,Q6ZU52,P41146,P07602,Q70EL1,Q99614,Q8NG06,Q86WB7,P28068,Q8IWZ3,P25774,Q8TBP5,O00459,P61024,Q7Z3I7,P24557,Q96EQ0,P06702,Q13651,Q6DN14,Q9Y4L5,Q71DI3,Q14031,Q96ME1,Q9BXX0,Q496F6,A6QL64,P0DPB3,Q15080,Q9NQ31,Q92966,Q6WN34,Q99608,Q01973,P08311,P61956,P29350,A8K8P3,P31025,Q9UN30,Q8NEU8,Q96MY7,Q00872,Q9Y4E8,Q13177,Q02809,Q9C086,Q9NRQ5,O95279,A8K932,P06703,P19438,Q07283,P29400,P06428,Q01546,P15153,Q86VX9,Q12933,Q8NBJ4,Q0VDC6,P00540,Q06187,P78314,Q969F0,Q13636,O43914,Q14241,P24837,Q01344,P25685,Q7Z614,P78358,Q15768,P17096,Q96J77,Q15714,Q9Y250,Q8IYX8,Q96A25,O43290,Q9UI08,Q9ULK2,Q7L2E3,Q96IZ5,P20963,Q9HB20,Q9BYR7,O14931,O00560,Q548N1,P40939,P12319,P31949,Q96BE0,Q9BXL5,P04440,Q6NVU6,O75923,O60315,Q9NWW5,Q9Y6C2,O00308,Q86XT4,P50222,Q9NSB8,Q9BYR8,P11049,P08670,O60573,O43504,P01909,Q96D96,P0C7Q2,Q9BS26,Q92796,P16403,O94993,P15884,Q5BKX5,Q8N2H4,P35961,O60880,P13501,Q93079,Q15119,O60832,Q86YT9,Q9ULY5,Q8IUC1,Q9BSW7,Q8TD06,P60409,Q9H7E9,Q92576,Q9BXY8,Q92793,O95714,P52803,Q13956,P07196,P24821,P28062,Q86WH2,Q92482,Q9BU76,Q13239,Q6N022,Q9BQB6,Q8IYR0,O95751,O95070,P27918,Q5SSJ5,Q9HCM9,P31943,Q9Y508,Q9BXJ8,Q01638,Q96GG9,P02746,P21333,P80188,Q96C92,P03366,Q13148,O95229,Q8NB16,P01584,Q05397,Q9BWF2,Q86UV7,Q01453,Q16820,P06396,Q15777,Q99798,Q9H9P2,Q9H334,P53618,Q7Z6J0,Q9Y5J3,P28329,Q9HAC8,Q71H61,Q9Y5T5,P05186,Q96LL3,Q92625,P31513,P27658,Q8WW34,Q9NRX5,Q7Z6M3,O43390,P20618,A1E959,Q9GZW8,Q5MJ09,Q9UBQ0,Q8WZA1,Q96EV8,Q9HC24,P42768,Q9BYR2,Q6N021,Q8TDX7,O15372,P05113,Q06455,Q9BQE5,P49682,Q53QZ3,P35070,P05783,Q92882,Q9NUL5,O76015,P49795,Q8TAU3,O43597,Q9NX70,Q9Y5B8,Q494U1,Q8WW14,Q6ICB0,O14817,Q96C24,O43633,Q9NYP9,O14944,Q5SWW7,Q99471,P48023,Q9NZD8,Q8IWU4,Q9UGI6,Q9BPW0,O75844,Q8N103,O14492,Q2M1Z3,O95214,Q969Q4,Q96IW7,P13473,P02533,Q5VZY2,Q60I27,P56545,P60410,Q6NYC1,Q6ZMJ4,O00754,Q15466,P61201,Q5VZ18,P04626,P52926,Q13164,P78324,O75807,Q96RT1,Q9H5Z6,Q2M385,Q13323,O43451,Q8N6T3,O95980,Q9H8W4,Q6PII3,Q15306,Q9BUP3,Q9H0W8,Q9Y473,Q8N3T1,P04578,P34910,Q8IX19,Q96ES6,Q8N9I0,Q7Z589,Q8IZ57,Q2I0M5,Q8WYR1,P78424,O94929,Q86XS8,Q8WWN8,P62256,Q15750,Q8WWN9,Q6PEW1,P27816,P01375,Q7Z3S9,Q8WWF3,P23471,Q9BUB5,P15498,Q53XC2,Q8IYR6,P59942,P25025,Q6UXH1,F7VJQ1,P63165,Q9Y5V3,A1A4E9,G5E9A7,Q9UIJ5,Q15109,Q8N7X0,Q9H0F6,O75056,Q5VWN6,Q8NFV4,Q9H3N1,P21246,Q96EL3,P25788,P49407,Q16534,O14641,Q68DD2,Q96L08,P58418,Q5THT1,Q53H12,Q14802,Q5VWC8,Q9NP31,P43628,Q9UGU5,P03427,Q13884,P42679,Q86UY8,Q9H422,Q9UQQ1,P63172,O75971,P32969,Q96J02,P51787,P36799,P29274,P55085,Q8IZ63,P06729,Q5VWK0,Q6GPH4,Q9H2S6,Q9HD89,P08047,Q15007,Q9H765,Q5SR56,Q14690,Q9UMX1,P04839,P10644,G3V1X1,P06929,Q9Y2K9,Q9NP61,Q9Y605,P52566,Q96JQ5,P18847,P17275,P48051,Q9Y490,Q2M2I5,P51610,Q9BZW7,Q9NQ76,O43765,P15289,Q7Z6J9,P14373,Q9NZD1,Q92624,Q9NYG5,P23284,P22455,P07306,P02724,O14526,Q6L8H2,P18858,O95425,Q9BQI3,P17568,O75094,Q9UHX3,Q9Y4L1,Q8HWS3,P01100,P27105,Q9Y336,Q96D03,P55198,Q9BUH8,P10244,Q01518,Q9HC52,Q9UBU8,Q8N5K1,Q3LI70,P0DPD6,Q9C004,P03407,Q96BR5,Q3LI64,Q5T6F2,Q5T3J3,Q969X0,P01034,Q7Z602,P21549,Q86UF1,Q9H444,P40425,A4UGR9,P02679,P53567,Q53SE7,P62258,Q92556,Q9BYS1,Q8N743,Q6UX41,P13196,Q5JX71,Q53G59,P22681,A1L4K1,Q6ZUT1,Q13520,P05106,Q9Y2I6,Q96E29,P62195,Q63HR2,Q8NA61,Q9Y4K4,P49238,P01133,Q9BQD7,Q9UQB8,Q86T90,P07947,Q7L099,P54198,P30041,Q6UXY1,Q14242,Q96HA1,O43711,P50281,P03508,O15198,Q9NR97,Q15751,P25815,P54219,P42684,O15552,Q9BPV8,Q9Y3A5,Q96L34,O95450,Q02535,Q8IYF3,P32455,Q13330,O76024,O14867,Q9UPY8,P04908,Q15327,Q8WVX3,P61978,P02747,P24534,O95678,Q08116,Q8NAA4,Q96F15,Q04724,Q9BZW5,Q9HD15,P56945,Q8IYB5,Q9UKG1,O14494,P10275,Q96EC8,Q07812,P43405,O14901,O60437,P26368,Q9H6S3,P52735,P51449,Q96B21,O95363,Q99895,Q8WZ75,Q9BYQ6,Q8N6D5,Q67296,Q6RSH7,Q96GM1,Q9BS40,Q0VD86,O14613,Q9Y5X0,Q8N6K0,P57052,Q01658,Q8N6G5,Q9H3G5,P49770,P10809,Q02978,P78356,P05187,P63244,P43005,Q9Y3Z3,P08637,Q9NWB1,Q6P5S7,P28702,Q92569,Q9NYK1,Q58EX7,O60711,Q8N205,Q8WXK1,Q9NW97,Q9UNN5,Q6L8G4,Q9BRT3,P05107,O75379,P32246,P48378,P99999,P62306,Q13761,P32971,Q9NYF5,Q9BYP7,Q6DKI1,P12314,Q9HCP6,Q9NZZ3,Q13113,Q96Q45,O95983,Q93033,O14796,O43482,Q9HCK1,Q12888,Q01151,Q9P0K1,Q8IZY2,Q9Y286,Q96LM5,Q9BSL1,P05154,Q15154,P20702,Q15003,Q9UBM8,Q9NR12,Q9P296,P08069,P10114,Q8NDT2,P59990,P22234,Q15008,Q68D86,Q9H0D6,P43657,O43889,P0C7W6,O43933,Q92914,Q13105,Q00987,Q9HAU4,O76061,Q9NR45,Q9BU27,P29317,P04233,Q9P2A4,P02686,D7RIG0,P53539,Q9NQZ8,Q7Z3Z4,Q16204,O15360,Q99732,Q9UIQ6,A6NJL1,Q96CJ1,Q9H0A9,P48165,P57073,P08571,Q9UBR2,Q9ULX9,P40429,O00584,P53634,P55040,O00160,Q13451,Q86Y26,P43487,Q9UNE7,Q9P0J0,P55072,P09661,P26678,P57678,O43716,Q4VAX2,Q9HC29,P10599,O60603,P59991,Q07666,Q9BTA9,O75306,P35626,O94868,P20138,O14863,O75970,P48736,Q9BXK5,Q9H2L4,O95466,P29033,Q9UDW3,Q02930,Q16548,Q9H2S9,P06753,Q9NWH2,Q03135,Q9NX04,Q8N2M4,P63104,Q9HBY8,Q9Y5K6,Q96AP0,Q08AM6,P0CG48,Q9Y251,B5ME19,Q5TGU0,P51617,P06340,Q9H1C4,O94927,C3PTT6,Q92797,Q96MU7,Q8TDS5,Q9BYR0,Q9H165,O14843,O75956,Q96BZ8,Q5VU43,O43809,Q8N1L9,P02545,Q9NS91,Q8IUK5,Q15532,P43355,Q9BSH3,B0YJ81,Q8N7X8,Q8IYE1,P38484,P21580,Q9P0B6,Q9BYD5,Q96G01,P20936,P43694,Q8TEV9,Q8TD43,Q96A37,Q9Y271,O15145,Q9Y546,Q96PQ1,P04271,P0C746,Q6FHL7,Q9NPH5,Q9UI95,Q96QH2,Q9Y285,P63000,Q96M91,Q6ZTQ4,Q92974,Q9BZR9,O60663,Q8WXF7,P53779,Q9NP55,Q8TB24,P36382,Q13077,P16070,P49841,Q6P1J6,Q5JR59,Q9NQT4,O15155,Q9NQ32,Q86UW9,P27986,Q701N4,Q5W0N0,P62714,Q9NRX6,Q9UGN4,Q12824,Q9H5V7,O96017,P50542,Q8IY31,Q9Y2H9,Q13422,P06401,O75716,P62826,Q9NUX5,Q14689,Q9NR55,P35348,Q03060,B2R8Y4,Q9Y6N7,Q8WVN6,Q6GTX8,Q17RB8,A8MZ59,Q9Y6A2,Q9Y6D0,O43699,O95674,P07333,O75460,Q16831,P13686,Q6NUQ1,P43243,Q9UPZ6,P60369,Q9H9B4,Q03463,Q16520,Q9Y2X8,Q9NWQ9,P04150,P22607,Q9BQT9,P08631,Q8WXG8,Q495M9,Q9H201,P07108,P19320,P29466,O60259,P54257,P54852,P14136,Q9UPG8,Q99757,P42167,P10745,Q99795,Q15942,O00471,Q86V38,P31994,Q3SXY8,Q8WYK2,P01854,O95391,Q5MJ10,O00219,Q13263,Q9HCK4,Q9NPP4,P51148,Q9BZL4,P37268,P36873,P02745,Q05940,Q90VU7,Q9UKG4,P78329,Q8IYL3,A6NFD8,Q92529,Q92731,Q8TAL5,Q9Y223,Q96KC8,O95159,Q9H4E5,P18848,Q2MKA7,Q969Q1,Q8NI38,Q9BVJ6,P14625,Q9BYR6,O43739,Q12837,Q9Y2V2,P08034,P14780,Q96GM5,P01920,P68402,P54253,Q06710,Q9H5J4,Q15560,Q96J01,P32927,Q9UBY5,O43395,Q5T753,Q96SQ5,A1L3X0,Q8N4V2,Q96G21,Q9UD71,Q96CP6,Q13449,Q9P286,Q15025,P56851,P19338,O75791,Q2TAL6,Q96GZ6,P49419,P60903,Q9BSJ6,Q92608,P50995,Q13206,B2RXF5,Q32Q52,P54646,Q9NYB9,Q9HBL0,Q6NZ36,P40199,Q8IVL1,Q96NE9,Q9Y4K3,Q9H910,Q6ZUJ8,O94762,O43447,P15336,Q15388,O15162,O76081,Q8NBD8,Q9ULE3,Q92993,P08754,Q9UQE7,Q99626,Q99598,P55957,Q7Z699,X5DP17,Q96HA8,Q96MV1,Q96B02,A2A2Y4,Q9BQA9,Q9H0Q3,P57105,Q00765,Q9UBT7,Q6UXB4,Q9NYW8,P55212,Q99633,P23141,X5DP20,Q5T754,P39019,Q8IVE3,P31930,Q9Y4B6,Q9BYQ7,Q6NTF9,P27797,Q8TDY2,Q96JC9,Q9BYV6,Q9Y2X7,P50454,P14735,Q96D16,P62136,Q7Z7N9,P03185,Q14542,Q8N653,Q7L5A8,Q9C005,P02795,Q96CM8,Q5VVX9,Q9BXS5,P09603,P45985,P15382,A0PK11,P27707,Q96EZ8,Q9UHX1,Q9UJT9,Q07889,P09917,Q99523,Q5T7P2,Q07325,Q3SYB3,O43610,Q92520,P12318,Q9UHD9,Q99572,Q16543,P78369,Q9P1P4,P51965,P14778,Q9H0R5,Q9NY26,P09923,O43747,Q02363,Q9H322,Q9Y320,O60806,Q86WC4,P01911,Q9Y5Y5,Q86YD7,A6NC98,Q969H4,Q00994,O75603,Q96LW2,O75251,Q969E8,Q16537,Q2I360,Q9NTW7,O43760,P13236,Q9Y5P8,Q8N6Y0,Q96P20,Q9NVM4,Q96BV0,Q9UKJ5,Q13011,P02778,Q96KK5,Q9UHI5,Q96B49,O60337,Q9BYM8,Q9UK33,P06493,P50897,Q9UQP3,P54315,O15553,P04141,Q9H596,Q9Y6A5,Q07627,P46087,P17948,Q15834,P98171,P56377,Q99704,Q9H8Y1,P14335,O76011,Q8IUC3,Q99750,P07339,P09493,Q92845,Q9BSM1,Q99962,P26196,Q15047,P13725,Q05516,P34931,Q3V5L5,O75955,Q13459,Q8TAQ2,P28067,P15976,P56279,P50221,Q6ZSC3,Q9Y3C5,Q99717,Q6PGN9,P03372,Q16659,P32418,Q8WZ55,Q9GZM8,Q9UHP3,Q8N511,P21730,Q8N7C3,Q8N112,Q05586,Q96MP8,Q5JR12,Q5NDL2,Q9ULZ3,Q13064,O95393,Q9BYR3,Q6VGT1,Q9UJ71,P09629,Q9UEU0,Q9BZ11,Q13438,Q8IYW5,P62851,P56693,Q6IPM2,P17535,Q9H2K0,Q15233,Q7L5N7,Q13625,Q7L5N1,Q92934,P78382,P02652,P15311,Q969L2,Q7Z6G3,P48061,D3DTS7,Q13905,Q13200,O75711,Q9BRK4,P0C7H8,O95416,Q9UM01,Q9Y228,P06239,Q52LG2,Q15915,P04350,Q08117,Q07869,Q9UJ78,Q8N448,Q13287,Q96NB1,Q9GZY8,Q8TBE3,P32242,Q9NQ94,P08779,A0A087WUL8,Q7Z5R6,P61236,P56962,O95995,Q9Y3S2,P35268,P26583,Q13084,P25490,Q8WUU8,P13284,P50416,Q5BVD1,O95551,Q9P2K5,P55081,A1L162,O75127,P03406,Q9UNK0,P46108,P26447,Q16719,Q9Y496,Q5TFG8,Q7Z419,Q9UNS2,Q9NQL9,Q9P0N9,Q9H867,O43684,P61586,P07355,Q99801,Q8IZ26,Q9UII6,B2RUZ4,P35638,Q12852,P36871,Q9NPR9,P61601,P03180,P0DP23,Q5T7W7,Q9Y5U4,Q96G25,Q12873,Q0D2K0,Q7Z7L1,Q96CW1,Q14213,P42336,P09234,Q5QGT7,O43791,Q8N715,A6NGQ2,Q8TCU6,Q6ZS10,Q9HCP0,Q8IVD9,O43741,P63279,P08727,O43586,Q9BX74,Q15438,P14317,P31249,P48060,Q86WV8,O60941,P78352,Q02928,Q6L8G8,P54652,O95870,Q8IVS8,Q96KG9,P67870,Q8ND24,P17023,Q13021,Q05209,Q7Z3B4,Q14807,Q70UQ0,P05387,Q99437,P34810,Q3LI77,A0A024RC47,Q13485,O43598,Q9BPW8,Q96LR2,Q7Z769,P09467,Q9BTE6,P13637,P07766,Q9Y6I3,Q6PK50,Q14203,Q9NX55,Q9H8Y8,A8K900,P06465,P30304,P78380,Q9H7M9,P33764,Q8WUH2,Q14142,P35326,Q96N11,P35372,P55160,Q6UX27,P28482,P27930,P21854,P51798,Q9Y2W7,O75525,Q6P1Q0,P25106,Q9NSU2,P15104,Q8TD90,Q02297,Q1HVD6,P51693,Q92688,Q8WTU2,Q92905,Q13467,O15357,Q5T230,Q53GL0,Q13951,P49810,Q9UBR4,O43612,P06307,P35241,P18146,A4FU69,Q8IUN9,P42261,P51681,P10321,Q96BY6,O14639,Q96NJ5,Q99081,P25789,Q08629,P61224,Q6P2R3,Q8N8B7,P25100,Q8TBB6,O60260,P02776,Q8TDF6,P24522,O15455,P04439,P29016,Q6IB98,Q9BRU9,P05090,O60333,P00519,P26371,Q86UR1,O43150,P48067,P36406,Q13829,Q99735,Q86YM7,Q9UJT2,P36817,Q6L8H1,Q13424,Q5T7V8,Q5TA81,P49715,P17844,Q9H2F3,O00501,Q6NT76,P02649,Q8TDX5,P08922,Q96MF2,P41223,Q96IQ9,Q9H0A6,P20339,Q5TZK3,P27824,Q96MX0,P28347,Q6P597,O75400,Q9UPS8,Q15125,P78386,Q96NT3,Q86W54,Q8WZ42,Q14247,Q8NAF0,Q6N075,P41595,P51608,Q9NZM3,Q15797,O75928,Q13509,Q9UP83,P19404,Q99952,Q9BUY5,O75386,Q76KX8,Q8TF74,P23142,P08151,Q96PP8,Q9ULH1,Q9H4L4,Q9NYW4,Q14CN2,O14880,Q86XK7,Q9Y592,Q16611,P43364,P16402,O75420,Q92824,Q92783,Q06055,Q8IYJ0,P48200,P27361,O15173,Q03188,Q9HC56,P22061,Q13363,P26378,P30536,Q96AN5,Q04725,Q96BA8,Q96GW7,P37840,Q9UIF8,Q95J06,O14576,Q8TBE1,Q8TES7,P16284,P46379,Q2WGJ6,Q9Y2W2,Q8N9N5,Q9Y4D2,Q9NZC7,P35368,O75330,P57738,Q9BYR5,P49589,P06788,Q8IXB3,Q15910,P61026,P58340,Q7Z6G8,Q9NQ75,Q9BYQ4,Q8WV41,Q9NZF1,Q53TS8,Q9NV31,Q9H161,Q9Y5U9,O14777,Q96PP9,Q9Y5Y7,O95238,Q92876,Q99714,P15941,Q8NHQ1,Q8WWP7,Q8IXM6,Q8N9E0,Q03989,Q8N6R1,Q92478,P63167,Q12951,P20700,P60953,Q5BJF2,Q9HBV2,Q9Y2Q9,Q9Y2D8,O15354,Q9HAU5,O95859,Q5T700,Q8IYX7,P15813,Q96NH3,P57054,Q8TAE8,O60784,Q8N3U4,O95208,Q12913,Q16288,Q9UPU9,Q9UHV8,P05549,P62166,P68104,Q9BSI4,Q15517,Q14152,Q9UKJ1,Q9NXK6,Q9NR30,Q6UXG8,P01023,O43516,Q8IZU0,Q9H2W1,A1KXE4,O95999,O95994,O95406,Q9NVL1,Q14204,P31751,P60059,Q0P6H9,Q9Y6K9,Q96BD5,Q9UF56,Q9UHV2,Q8N6L0,P04013,P19875,P24158,Q6UWX4,Q9UER7,O15169,Q91B85,P78310,P38432,P06126,P19174,Q9NSC5,P78317,Q96DZ9,Q9UBB9,P04637,P15924,P02511,O14672,P31146,P42574,P60763,P35414,P13994,O94811,Q9BYQ3,P13765,P61106,Q92838,P60331,Q96T11,P59998,Q8TAP4,A8K0Z3,Q7Z4N8,A8MT33,Q99IB8,P84077,P24592,P07307,P57060,Q96CV9,O43665,Q3LI72,Q96GN5,Q96F81,Q9J4B7,Q08357,Q96MH2,Q9UBM1,Q6ZMD2,O14544,O15432,Q9UBF1,Q8NEN9,P41161,Q9NRY5,Q9H832,P08254,Q16695,P06930,Q96MV8,Q9NY72,P19440,P58317,Q02539,Q9C019,Q20MH4,Q8N8A2,Q5TCM9,P26951,Q9Y679,Q9UIB8,P52790,Q5TA45,Q8WY91,Q9BRR9,P42345,O14735,Q7KZS0,Q9H1D9,P28289,P51828,Q9Y262,Q6RFH5,Q6NVV7,Q96T60,Q16348,P42858,P68400,Q8WXW3,Q14524,P01583,Q5RL73,Q6ZPD8,O15321,Q12884,Q86U86,Q5TA78,Q9H5F2,Q92843,Q8N3L3,Q9UJV3,P08581,Q7Z406,Q8N9I9,Q8WTP8,Q12982,Q92764,P11021,P00533,P04278,Q3B820,Q8N9Q2,Q13443,Q8IY26,O43566,Q16891,Q7Z417,P05114,P05787,P12830,Q6FG41,Q9UFD9,Q96A72,O14503,P30301,P07204,Q9C0D0,O75688,P19883,Q9H6L4,Q13444,Q13576,Q9Y3Q8,Q9NQX7,Q12967,Q9NRY6,P35125,P62987,Q96KR6,Q8WWY3,Q8N4B1,Q9P104,P03437,Q8IX05,Q969G2,Q9UK41,Q9HCJ2,P16150,Q9BVG8,Q8IV03,Q14847,Q16585,P41159,O00155,P61604,P06730,Q14318,Q8N5V2,Q9Y6D9,P49821,Q9BVL2,Q6UXX5,Q8TCJ2,Q6PI78,O14733,Q92995,P42773,O43247,P23560,O43609,O00526,Q9H939,Q10586,P03428,Q9BYQ0,Q13191,O15160,Q15582,Q96RL6,Q96RU3,Q53HV7,P05412,P60411,P01137,P25090,P19256,Q9NRZ5,Q9H4A9,P63096,P78385,O15111,P03431,Q92982,A0A0S2Z4G9,Q92752,A6NEM1,Q6PEX3,P39086,Q8TD31,Q9H0I2,Q9BVA1,P13667,Q96G97,P41212,Q8NFH8,P37288,Q9Y3D6,Q9Y247,Q8WV44,Q14145,Q9BYP8,Q9Y279,Q00610,Q6P1W5,P08700,O60488,Q14160,Q9Y5X1,P26436,Q13387,O75396,Q2TAC2,P00325,Q9BZ95,Q13571,Q9GZV8,Q9Y586,Q96GY3,Q7RTU5,O43186,P21964,Q8WVP5,Q2NL82,O60602,P30273,Q5RI15,Q93062,O43521,P01903,P36810,Q8N5Z5,Q8TDC0,P50613,P06430,Q96IV6,P41219,P20292,Q9UJ14,P24278,Q8NF91,O43300,Q9H0X6,Q15038,Q9P0V8,Q96HH9,Q9BYN7,O75444,P51668,Q86XS5,Q5VWX1,Q16825,P07738,P17081,O14948,Q96QZ7,Q6NSX1,Q16539,Q6UXA7,P84095,O00299,Q14161,A8MVS5,Q04206,Q7L5A3,Q6ZNE9,Q53FV1,Q9H814,Q96PE2,Q75KN0,P62837,Q8WU79,Q5SUL5,Q53HI1,Q7Z412,Q9NQZ2,Q99814,Q29RF7,O43167,P51116,Q01543,Q969X1,Q969U6,Q9H0U6,P32249,P10412,P61626,P11177,Q3KSU8,O43559,P61960,Q99418,O14595,Q9Y342,Q96ED9,Q9UM73,O15496,O15440,Q7L591,Q96MD2,Q9NR96,Q9BVI4,O95498,Q99819
Q9BPY8,Q14493,Q9Y2Z0,Q8WXE1,Q96HD9,Q9Y5Y2,P57076,O43707,O75439,P49790,P10451,Q9UJX3,Q12981,A2ABF9,P18433,Q9UBB4,Q6ZSY5,Q9Y2I1,O00499,Q8WXH2,P16749,Q9BY42,O00151,Q8NEZ3,Q92782,P62191,P20592,Q96KQ7,Q03001,Q5T442,Q8TAG5,Q9BSK4,P29017,Q9NX61,P09601,Q7KZF4,Q9UQB3,P30519,Q49AN0,Q9C0K1,Q07866,Q06830,P35408,Q5VTB9,Q9Y3M9,P78560
P19793,P02743,O14841,P22736,Q9NVF7,P08684,Q96KA5,Q06278,P32189,O94829,Q04637,P21695
P02741,P08603,P48039,P09038,P26022,P98066
Q8IU85,O60234,A5PKW4,Q8TAA9
P49761,P29728,Q96EF6,O94885
P62873,Q9HAV0,P62879,O14610
P08567,O75326,O60486,P08563
P56557,P20036,O75829,O95807
P02708,P63173,Q6PI73,Q9ULK0
Q9NUW4,Q8TDN6,P29692,P09326
P33076,P48382,P98168,Q2QGD7
P35222,Q8TAM6,Q8WWV3
O00453,Q8WUQ7,Q7L622
Q93091,P36575
O75581,Q9UBR5
Q10588,P18428
Q13075,P55211
O94768,P62847
Q10589,P59901
Q15700,P28039
Q8TDQ1,Q8IY57
Q9BY67,O95727
