P48645,P08034,O14948,P11229,P22234,Q6RW13,O92972,P56524,P57052,Q02556,P00387,P31749,EspR,P00519,P22897,Q96J02,Q9BUB5,P78324,Q96PU4,Q9HBI0,Q12852,Q8WUU8,O15111,O60333,P06932,Q15915,Q99962,Q5SQQ9,P06929,Q9BPW8,Q6PI78,Q6UX06,P25685,Q6UX41,Q96E29,Q5T700,X5D778,Q9P296,O43914,P01909,Q6NUN9,P43490,Q9UJT2,Q01543,Q08043,P17676,P26371,P01911,Q8TDC0,Q16623,Q2TAC2,P31040,P36827,Q99685,Q5T753,P12830,O60603,Q6NVV7,P46940,Q86V38,Q6UX34,Q9UGN4,P21964,Q495M9,P16284,O00264,Q9NP94,Q9HAU5,Q96A25,P04156,P19012,Q6ZSC3,Q8IWZ3,Q14203,O75563,Q9NQZ2,P10809,O95214,P00325,P10124,P47712,Q76KX8,Q9H596,Q8TD31,P60412,Q99608,P13501,O94762,Q9GZM8,Q9UIF8,P06401,Q8TEY7,Q9BVI4,Q9BWT7,Q8NG06,P46087,P17947,Q7Z5V6,P20702,Q9NRQ5,Q8N4B1,Q7L591,Q53HI1,Q8IUC1,O43598,Q9NR55,F7VJQ1,Q9UPY3,Q7Z3Y7,O95994,Q96LZ3,Q6NUQ1,P05107,P53672,P62306,Q9UMX0,P16109,Q96HH6,Q9BYR0,Q13113,P78325,P02686,Q92797,P01189,Q99932,O14524,Q5VWN6,P60331,P19474,Q14451,Q6UXX5,P22061,P41159,Q9H3G5,Q8TEW6,Q8NF91,P26368,B2RUZ4,Q6DN14,Q67296,Q96II8,Q9BYV2,P10412,P28066,Q99963,P02679,P10147,O15372,Q8TDX5,P15336,Q15287,P26440,Q8N6Q8,Q9Y385,P62256,Q9Y5K6,P07384,Q14457,Q05209,P13725,Q9UNN5,Q8TD06,Q8N6Y0,P0C7W6,Q86VR2,Q9Y5E9,D3DWI6,Q16288,Q5SNT2,P78314,Q92914,P02794,Q05940,Q07954,Q14511,P21912,Q02809,P43364,P80188,P60763,O43895,P03886,P22607,Q8N912,Q6UB99,P27658,Q86UX7,Q9Y6D9,Q9NQ87,Q99418,P31943,P08670,Q8WXI9,Q9BQT9,Q8IYN2,Q9H013,Q9ULX9,O95363,Q13451,P14780,Q6UXH1,Q9UGC6,O94875,P0DPD6,Q9NUL5,Q92838,Q16543,Q96D96,Q96NU1,Q5TA78,P11912,Q701N4,Q9H832,Q8WVN6,Q96PV4,Q8TD16,A0A0S2Z4G9,A1L3X0,Q96JN2,P52926,O15321,O14994,A1E959,Q3LI73,Q13308,P24522,P01375,Q53GL0,Q9UI95,P30041,P07498,Q9H115,Q13895,P59990,P36871,Q15517,Q5T751,Q9UJ14,Q8WWN9,P02745,Q96L08,Q13164,Q9NYB0,Q6NTF9,Q96FZ5,Q9UP83,Q15303,Q8NFV4,P42345,Q14789,P42566,Q96IK5,Q5VU43,Q4LDR2,Q969Y2,Q9Y2L9,P54709,Q92752,Q96MT8,Q13011,P07900,P78329,P20333,P11215,Q96QT4,Q9NSC5,Q5TA45,Q86YT9,Q6IN84,Q9Y3A6,Q6BCY4,O60337,Q9NYF5,Q6GTX8,Q9UM73,P20292,P24837,P07204,Q9BU79,Q53FC7,B2RXH8,P06126,P30825,Q8TAK6,Q8NET5,O75843,O00767,O60831,P03126,O00165,Q99819,Q96GQ5,Q9H2X0,P27958,Q9H4E5,Q92835,O43150,P56693,P28482,Q9Y6D0,P10914,P46109,Q6NT76,Q8NAA4,P13805,P51114,P25025,Q9NXK8,P16333,Q9UKR5,P14061,P17612,P12314,Q9BYR3,Q7L5N7,P48200,Q9H422,P57054,Q8N9E0,Q9Y473,O94929,Q9GZY6,P22681,P38432,O14526,Q9C0F1,Q7Z3B4,P09234,Q8N6D5,Q91B85,Q9NRQ2,Q14019,O75460,Q8WV48,P27361,Q9BZ11,Q17RB8,O00560,Q8N684,P29016,Q9NP66,P25789,P20936,P57071,Q9NRY5,Q9Y320,Q13287,Q96IV6,Q9NZD1,Q13363,Q9UKJ5,P27986,P56962,Q9BYR5,P56279,O43739,Q969Q1,Q70UQ0,Q01453,P41218,Q9Y252,O60315,P06307,Q9NTW7,O00311,Q96F15,Q8WVP5,Q96PP8,Q6ZSJ9,P10275,Q9P0N8,P48061,Q60I27,P04792,Q96N21,P55008,Q5BJH2,Q96NE9,Q9UBQ0,P53567,P48059,Q8WTU2,Q9NWQ4,Q8TBM7,Q9H322,P40939,Q96GM5,Q92764,Q3B8N2,Q16825,Q13330,Q96M91,Q92519,Q8IY18,Q8IZU0,O60941,O60239,Q00872,Q99732,Q00765,P55085,A4FU69,Q8IYR6,Q2M1Z3,O94868,Q9BYQ2,Q92793,Q9BPX4,Q9H444,Q9Y548,Q9BS40,Q9Y605,O00754,O14653,Q96PV0,Q9Y4K4,P06239,Q5VZ18,Q76G19,O95466,Q14129,Q8IYX3,Q9NZC3,Q05397,Q9GZW8,P27797,Q9P0T4,Q7Z412,Q9UGL9,Q86VB7,P09651,Q86UW9,A8K900,Q9UJX5,P08581,Q9Y5J1,P35070,Q9P1P4,Q15848,B2R894,Q8IV03,Q9BXS5,P51693,O76036,P15382,O15552,Q9NZQ3,O15117,P78423,P52735,Q08116,Q8NEA9,P54274,Q9BYQ3,O00167,Q9HB58,Q9NXK6,Q9H867,Q01130,X5D7R7,P15884,Q96KC8,Q5VT52,P35556,Q9NWQ9,P25490,P0DPB3,A0PJX4,Q9BUH8,Q6MZP7,Q9BXW4,P50402,Q9Y6A2,Q96HJ5,Q5BKX5,Q6EMK4,Q9H1M4,P03431,P17752,Q04725,Q6UWF3,P26367,Q15109,P04908,Q3LI76,Q13569,P31751,Q13191,Q86UP2,P07196,Q9H2W1,Q3LI77,Q9H295,Q06187,Q5MJ09,P28329,Q9BSL1,Q99523,Q9Y4B6,Q8N7P3,O76011,Q7Z6G3,Q0A2H1,P50502,Q5JXX7,P03107,Q14896,P67936,P99999,C3PTT6,Q9NP55,Q86WH2,Q9UPZ6,Q5NDL2,Q5VWX1,Q15466,Q9HCK1,Q96GZ6,Q15773,O14641,Q71RG4,P63104,Q8IY26,Q9BZW2,Q5QNW6,P62491,O95967,Q08379,Q6NYC1,P04899,Q12983,Q7Z406,PE25,Q8NC01,Q0D2K0,Q6IB98,Q8N998,Q9NZV7,Q9UBU8,P25090,O75330,Q03060,O15524,P05114,Q14940,P43694,Q8NEQ5,P02545,Q7Z6J4,O43278,P23142,Q9Y6I9,Q9NWW5,Q9GZU7,P07602,Q2NL82,Q86XK7,Q9Y297,P49639,Q7Z6J0,Q96AP0,O00206,Q03135,Q92876,Q53SE7,P48051,Q8N2H4,P23560,O15393,Q9Y5Y7,Q9Y546,O94811,Q8N2M4,P58418,Q7KZS0,Q5TA81,P62993,Q13485,Q96PB8,Q9NZZ3,Q96JF0,P35268,P57678,P51617,Q16534,O43609,Q8WUH2,Q9HB20,Q6ZS10,P01137,Q08334,B2RXF5,Q9BSM1,Q6UW88,O95678,Q96PE2,Q13643,P50416,Q5JR12,Q9NZF1,Q9BRK4,P06788,Q04941,P51965,Q86XS5,Q9BZ95,P45973,Q96FF9,P57105,Q16611,O95858,Q8TAU3,Q96KR6,P01848,P13473,Q8N9I9,Q9Y4B4,O75923,Q9UKJ3,Q96PN8,P14335,Q6ZUT1,P46108,Q13459,Q16570,P36810,Q9H0F6,P39086,P00533,P54849,P11177,P00749,P09919,Q9BXH1,O14672,Q8TD19,Q5T0N5,TB8.4,P31146,Q14142,O95995,Q8IVE3,O00308,Q9Y2V7,O15027,Q3KRB4,A6NCM1,P41161,P23588,Q96NM4,P40425,Q15007,O95208,Q99683,Q9UJV3,Q08499,Q15777,Q9HD26,Q13835,P14735,Q9NUM3,Q8WY98,Q5TFG8,P53539,P08922,Q8IZ57,P49810,P04004,P57073,P12318,P49715,Q5TZK3,Q96DZ9,P53618,Q7Z6Z7,Q8N6K0,Rv1074c,Q8N9I0,O75344,Q9NR31,Q9P0X4,O75907,P78412,Q14802,P26378,P50552,P03407,P57060,Q92608,P50221,Q96Q45,Q9BZJ8,Q9UGU5,P28907,P60409,Q9NW68,Q9H1K1,Q9HCJ2,Q96J77,Q9Y3P8,Q6UY14,Q9Y586,P35326,Q15154,O43184,O15090,P10145,P16403,Q9UMX1,Q9NX55,Q9NR97,Q9Y247,P14136,O75604,P10644,Q96PP9,P55040,Q92685,Q99437,Q5T6F2,Q0VAQ4,O00391,O75791,P04440,P14373,Q9Y6Y9,P28347,P78383,Q71H61,Q13956,Q7L273,Q13021,Q9Y3C4,Q3SY46,P61626,Rv1075C,Q9P0J0,P15153,Q9Y2R2,Q13393,B4DYC6,Q53H12,Q9H6R4,Q6ZN66,Q6P1K2,O15151,Q9BYR7,Q96EC8,P06340,Q14031,O43516,P11142,Q13094,Q01780,P01920,P60201,Q3KNS6,P09603,Q9NXV2,Q6PGN9,P42338,Q8N5Z5,Q96EK5,O14613,O60711,Q15722,Q96GN5,Q9BXA5,Q92922,Q9C004,Q8IWU4,P04626,Q14696,Q9NQ75,P55072,Q2I0M5,P54652,Q8IYJ2,Q9H7E9,P02795,Q8N448,Q5JX71,Q9BXK5,Q06587,P60370,Q8TAQ2,P15498,Q53XC2,P20618,Q13576,Q86WA9,Q8N6F1,Q8WYR1,P35961,P42679,P27449,P23297,O15432,Q9HBV2,Q13105,Q3LI66,P13051,P61769,P54257,Q13526,Q3LHN2,Q6PK50,Q9NSK0,O60238,O43447,Q7Z7A1,Q6ZMJ4,O95990,Q10471,Q9HD89,Q9NR96,Q9Y5U4,P03427,P32242,A0A0S2Z5X4,A0PK11,X5DP17,P60411,Q9UKQ2,P29317,Q8IUC3,P21246,Q86T90,Q6ZU52,Q15582,Q9NW97,Q8IUK5,Q96IF1,Q96BR5,Q99735,Q4G0J3,P25800,Q9BZM2,P78386,P22794,A0PK00,Q96JZ2,Q9ULZ3,Q9HBL0,Q58EX7,Q99714,Q8IYH5,Q9H6L4,P32456,Q15843,Q14194,P35548,Q9NQQ7,Q5T7V8,P20020,P62195,P14625,P62269,P32856,P06702,P39019,Q6L8G9,Q6PEX3,Q9Y5X1,Q9UHP7,Q9BWM7,Q9Y5Y5,Q5SUL5,Q9UPG8,Q13515,P27824,Q96PQ1,Q13368,Q9HAC8,P42167,P42336,Q96GY3,P26447,Q8IYJ0,P61978,Q30154,Q7Z624,Q8N9N5,P42684,P41597,Q6PI25,P20963,Q00994,Q99728,Q96MH2,Q9BRR9,A0A087WUL8,Q15768,O60663,P03406,O00526,Q5TEJ8,Q8N743,P0C7Q2,Q12913,Q8TD90,P30556,Q6N022,P56377,P84095,Q03989,Q16548,Q8TED1,Q9UIM3,A6NFD8,P16619,Q9BTE6,Q8IVL1,O14863,Q9Y5P8,Q9H4P4,P62851,Q7Z6J9,O00459,Rv1827,Q8N205,Q9BYQ6,Q01974,Q07283,P13686,Q9NQ11,Q9BTA9,P07339,A0A1V1IGJ9,P49682,P49407,O43597,Q9C005,Q9NRD5,Q9UHD9,O15145,P21580,P05187,Q9UJ71,Q84292,O15173,O75094,Q86WV1,Q9Y5X0,Q9NX70,P03180,Q8TDS5,Q6P5X7,Q9NQX7,O75841,O43612,P11161,P36873,P05186,Q9NZD8,Q13077,O15244,Q15034,Q9Y2X8,P01033,Q8IZ63,Q9UBD6,P58753,P51449,P60328,Q9UPS8,O43765,Q9NPB3,Q9UK33,P67809,P53801,P61026,Q13342,Q6ZUJ8,O95711,P01906,Q96TC7,P04601,P29353,O43255,Q96JQ5,O95406,A2A2Y4,O75459,A0A0S2Z5S9,Q92966,Q8TBE1,Q14D33,Q92569,Q9H165,P34972,Q12841,A0PJX0,Q8N511,P46089,Q32Q52,P52435,P09917,Q96RG2,P57075,Q53QZ3,Q8N5A5,Q9BXN2,O15160,Q12931,Q6ICB0,P58340,P35637,P08686,P06464,Q8IVD9,O15169,Q15418,P19438,Q9H2S6,P15514,Q9NSU2,P09629,Q8N5V2,Q96EG3,Q15750,Q9UQM7,O75956,P10721,P02746,P50148,Q15650,Q9NPH3,Q96MY7,O75420,Q9BXY8,Q8TCQ1,P82650,P22301,P46934,Q86XS8,P63096,Q92824,Q96SJ8,P55212,O43504,P35499,P60866,O14544,O75030,P09661,Q69YG0,P42773,Q9Y2J4,Q99750,Q96G25,O15360,Q86XT4,Q9H6S3,P46734,Q9Y2X7,Q9P0K1,Q92599,O75355,Q9NRI5,LpqN,Q9BS26,Q96L34,Q9UBT7,P08779,Q53GA4,Q96S59,Q12884,Q13084,Q96LW2,P17081,P61236,Q8WZ55,Q14242,Q8WV41,Q8TBB1,P01850,Q9BX74,P59991,P57053,Q96DD7,Q6P1Q0,Q9NY26,Q9UI14,Q07666,P01583,O60260,Q9UBR4,Q6ZNG0,Q16617,P63167,Q9Y2W2,P28067,Q01968,Q08722,P05787,Q13443,P10606,P15924,Q9Y4G6,O15198,Q9UBR2,P0C7H8,Q6UXA7,Q6ZVM7,Q8TCJ2,Q9P2A4,Q14241,P21741,P04439,P17252,Q6PI48,Q5T7P2,Q8IX18,Q13201,Q70CQ1,P31025,Q2M2I5,O75306,Q9H7M9,Q969E8,Q02223,Q8IUC2,Q8N1E2,P26196,P78317,Q9NZC2,D7RIG0,Q5T754,Q9H1C4,Q6UX27,Q96RU3,P49137,P60709,P0C7X2,O14836,Q9Y3Z3,Q12967,O95070,Q9NS64,Q6UXG8,Q5HYN5,P54253,P13637,Q99626,P03428,P40692,O15525,P14598,Q96DV4,Q9NY65,Q96BA8,P52292,Q12888,A0A024RC47,Q9Y496,Q14973,O94927,Q5SR56,O43451,P60329,Q9P0V8,Q96EL3,Q9NYA3,P62987,Q02297,P57738,P01024,Q9UBT3,Q05516,Q8N8X9,Q9HCK4,Q7Z419,Q7Z614,Q7Z699,Q9NPP4,Q5J5C9,Q9H204,Q2F862,Q5JY77,Q9Y575,Q14247,P23769,Q6NYC8,Q96LM5,O14777,P15311,Q14145,O43353,Q96A37,Q9UFD9,Q96CE8,Q16520,Q13233,Q8TDV0,Q8TEW8,Q15399,O15440,P29972,Q9P2K5,O15389,P53779,Q96B21,P23471,Q969S0,O96017,Q96L14,P04179,O94989,O43290,P54646,Q9BYV6,Q12951,P07948,P49069,Q9C086,Q92478,A8MVS5,Q5MJ10,Q92905,P33764,Q5UIP0,Q96PU8,P01034,Q9NY72,O60806,Q8NBJ4,Q16820,Q9H765,Q9BSW7,P08962,P17844,Q8TAV5,P04350,Q9NZ72,O14733,Q9Y3A5,Q6NX45,P03950,P63010,P09544,Q14494,Q8WU79,P51798,P42858,Q9UHX3,Q13200,Q68D86,Q9Y6A5,Q8IYW5,Q8N720,Q7Z3I7,Q9BQ66,Q8WW14,Q13867,P05067,Q9NSB8,Q16891,Q86VX9,O43586,Q6WN34,Q16610,Q9UQQ1,O43747,P12319,Q99081,P25786,Q9NNX6,Q9H944,Q9Y228,P06241,O15155,Q9Y3D6,Q9C040,Q9Y3C5,Q2M385,Q6VGT1,O60602,Q9Y5Z9,P56945,P35368,Q9NS91,P05783,P51610,Q99895,Q8IUB9,Q03113,Q9Y6I3,Q9BZW5,P48643,Q9H0A6,Q15119,Q5JST6,Q8TES7,Q5VVX9,Q96G97,P23763,Q15388,O75955,Q6IQ16,Q9Y2H9,P09923,Q6ZTQ4,Q7L099,Q9NQ32,Q96RF0,Q8N661,P03372,Q96HA8,Q9H0I2,P61073,Q9Y6N7,Q02750,Q8ND83,Q86YQ8,O14796,Q92934,Q96P20,P43405,Q8TAP4,P36817,O76015,Q96LL9,P12931,Q06055,Q96MP8,Q17RB0,Q12837,Q7RTU5,Q00722,Q5BVD1,Q9WMX2,Q13322,Q15834,P23469,Q9UQP3,P84077,Q9Y6K9,Q9ULH1,Q8IUH5,P61088,P07306,P49419,Q8IXM6,P78380,P41595,Q99IB8,P19440,P25815,Q96CS7,Q9ULE3,Q8IYB5,P09496,P09769,Q12824,Q15797,P17568,P16070,O95870,Q9NTJ3,O43561,Q13480,Q92556,A6NJL1,Q9BUP3,Q9NQL9,P15813,P06729,P34931,O43521,P11473,P04271,Q9NRZ5,O00155,Q8NB16,O14576,Q86Y26,X5DP20,Q09470,Q9HCJ0,Q8WXF7,Q9NYB9,P04233,Q8N357,Q9HBE1,P31994,Q8WXG8,P05387,Q9UBM8,P31273,Q9NQX0,Q3LI59,Q07812,Q14161,P04839,Q96BY6,P48060,Q8ND90,P46379,Q96G21,Q07699,Q9UNK0,Q96M29,O14492,Q9UII6,Q99572,P02751,Q9NXF1,P01584,Q96IQ9,Q9YP87,P14416,Q15078,Q01658,Q14088,P32971,Q8NF50,P16402,P40199,Q86WC4,O75970,Q9H2A7,Q8NHQ1,Q9H5Z6,Q8WWI1,Q99640,Q5T4S7,Q9UBB9,P42681,O95714,Q9UNS2,Q8IUC0,Q9H334,O95922,Q9ULK2,Q5JR59,Q96IW7,Q5EB52,Q496F6,P04183,Q99633,P01100,P08238,P08571,P05204,Q96DB9,Q9BZL3,P28289,Q8WW34,Q9H5F2,Q96QH2,Q86WV8,Q8TCU6,Q8IWU2,Q8N8B7,Q96NT3,O14901,Q7Z5R6,P0DMU8,Q9BQE5,P58317,B0YJ81,P03366,Q8IYR0,Q96NC0,P50570,Q01973,P52566,Q9UIA0,Q8IWZ5,Q9H8Y8,P52803,P02008,Q12873,B5ME19,Q5THT1,O95872,P25788,Q9UGN5,Q96NJ5,P60953,P13646,Q9Y3Q8,Q15014,Q96CV9,Q9P104,Q9BRI3,Q01151,Q7L2H7,O75251,P31948,P17948,P30301,Q8WV44,Q96G01,Q6N021,Q8N2U9,O76013,P21145,P36406,Q9HAU4,Q9Y275,O95471,P16615,P36957,Q96HC4,O75425,P08254,P10619,Q86XR7,Q08708,Q9Y262,Q9NS75,P10114,P35626,Q13148,Q99704,O76071,Q07627,Q6ZS81,P37268,P17024,P32969,Q6NZ36,Q8HWS3,Q9H4G1,Q13007,Q3SY00,Q9HC36,O43639,Q15080,Q14318,Q9BYQ0,Q9Y251,O75031,Q6ZMD2,Q13467,Q6L8G4,P55198,Q8NFH8,P62820,Q9BRK0,Q03393,Q9H2K0,P48023,Q16778,Q9Y336,P48736,P32455,P10599,P37173,A0A140G945,P51668,Q9NP61,Q96MF2,Q5T2W1,Q6UX40,Q16873,Q9NRY6,O60383,P06465,O95772,Q13573,O75496,P21579,Q969X0,Q96EZ8,Q9UHI5,Q8WVB3,P00540,Q9H9P5,P51148,P42768,Q96T60,P37840,P54852,P52907,Q9C0D0,Q14152,P03185,P49589,Q9NYW8,Q7Z6M3,Q8N653,Q03014,P24592,P01854,O15162,Q90VU7,P31689,Q96RD7,O15342,P43365,P0DMV8,P60891,P18858,Q9HCN6,Q8WWY6,Q08AM6,Q86XU0,P09471,Q96IP4,Q8TDH9,P06703,Q16831,Q8IXK0,P19320,Q9H0U6,P0DJD7,Q99798,O43665,Q6PEW1,Q96DZ7,P43355,Q5T4B2,Q99616,Q9NRX5,Q86W54,Rv3033,Q14140,Q9Y2Y4,Q01518,A0A0S2Z4M1,A8MZ59,P28068,Q15047,Q13239,P61024,Q86WB7,Q14515,Q9BWG6,P03203,Q9H9D4,P53634,Q96NB1,Q9NQ31,P29350,Q6P597,Q9BVL2,P42261,Q6P5S7,P0C746,Q93079,Q8N423,Q96MV8,Q9NYW4,P01023,Q13438,Q96BE0,P35221,Q9Y223,Q15811,Q13432,Q86V42,Q9HC56,P48165,Q9BQY4,Q9Y2K9,A6NC98,Q02978,O95416,Q00978,Q96N11,P50749,O00584,O95447,Q7Z4N8,P04013,Q96BV0,Q9UPY8,O43680,Q00987,Q8NC24,Q0P6H9,Q8WZA1,Q15654,Q9BRL5,Q86VK4,Q96IZ2,Q9NRS4,Q9H814,P49841,Q9BWF2,Q9BXL5,P61604,Q53TS8,P78358,O75971,P61586,O43463,O43699,O00170,A8MT33,Q16531,P55957,P61019,Q9UJ78,Q8IZS5,P06493,O95859,Q8NEC5,Q6P1W5,Q9NWF9,P30511,Q9NYK1,Q9H8Y1,P63172,Q9UHP3,P38484,P27105,P63165,Q8WWF3,Q8TDF6,Q9UM01,P54315,Q96T11,Q3V5L5,Q9GZV8,Q9NR12,Q9UNE7,Q8N8A2,Q13618,Q9Y2M0,Q9GZV7,Q15042,P19404,P55273,O95684,Q96LC9,Q99075,Q8IX15,O15357,Q5J8X5,P05113,P62166,Q06710,P35914,Q8IYX7,Q9Y6X1,Q96PM5,Q9NQX5,Q9Y5T5,Q96HT8,Q16585,Q9UBY5,Q6RFH5,P17096,Q969E2,P03437,P14314,Q9UID6,P40763,Q96EK6,P05154,O95279,O95983,Q9H8W4,O00501,Q9NZ94,Q05329,Q9UKG1,Q96EQ0,P24534,Q13616,Q7L5A3,Q9Y4L1,Q8WYK2,P41220,O43791,Q8N112,P11021,Q9NUX5,O60573,Q01546,Q9UIB8,Q92870,P07305,Q15910,Q5ST30,P23141,Q9C019,O00161,Q75KN0,P50876,Q8IVW4,Q9UQQ2,P29034,P55081,O76081,Q9Y279,Q7Z3S9,Q9ULX6,O43395,O75688,Q6NVU6,Q13829,Q92630,Q9BQI3,Q9HC24,Q96D16,P22455,Q92882,P17150,P24043,Q08345,P32418,O75525,Q9NVC3,Q9H2G9,P32246,Q2WGJ6,Q13424,P78424,Q8N386,Q9NRX6,P38919,Q8TD43,O43557,P98173,Q9BSE2,O94906,Q9BUZ4,O14494,Q53FV1,Q9BYR6,O95231,Q15849,P19086,P60903,Q9BSJ6,A4UGR9,P08069,P17535,P19883,O95238,P68133,Q9H3N1,O60504,Q96LL3,P04275,P52565,A6QL64,P43243,Q9BQB6,O75396,P51828,Q9BYP7,P50461,Q96C92,O00421,Q92625,Q9GZY8,Q9UGI0,Q9Y3S2,P07910,Q05586,C9JCN9,P05106,Q8WUE5,O43613,Q29RF7,Q07869,Q68DD2,P78385,P31274,Q20MH4,O14745,Q8WXW3,P08727,Q01196,P61086,O60936,O75469,Q9UKG4,Q9BSI4,O75716,Q9HD15,Q8WZ60,Q9NWH2,Q9BYS1,Q8N7X0,Q96MX0,P85299,Q8N0S2,O14519,Q12933,O75386,Q8IZ26,P52790,Q9NVM4,Q8IYL3,Q13571,Q9P2H0,Q92567,Q9WNA9,O14862,P29274,Q01638,Q9ULY5,Q8TBK6,O00623,Q86UR1,Q8IX19,Q14213,O76061,Q92974,Q9Y2D8,P59046,Q9Y286,Q13509,P52597,P47897,O75444,P37288,Q8N7C3,Q14134,P60014,Q16348,Q9UER7,Q96ES6,O14656,Q8WYJ6,Q8IYA8,Q8TEV9,Q7L2E3,P28223,P11049,Q9BYQ4,Q15438,O76003,O76090,Q96CW1,Q8N8F7,P05549,Q14449,Q96LT7,Q3LI70,O95425,Q96RL6,P31930,A2RU14,Q14764,P62487,Q9NPL8,P15941,Q6ZPD8,Q96MU7,Q7Z602,Q02535,Q6NSX1,Q9NX04,Q5T3J3,Q8NEN9,O95633,Q95460,Q5T749,Q9BVG8,P06429,Q9BRT3,Q969L2,Q6Q0C1,P08047,Q9BY77,Q9BVA1,Q96AN5,Q969T4,Q8TAE8,Q7Z769,Q15025,P13196,P48378,Q13323,P61601,Q96PK6,Q96EY1,P62834,Q9NR30,Q5W0N0,Q9Y5Q9,A6NEM1,Q93033,P61201,A1L162,P06430,Q6PII3,P06428,P14317,Q9H161,Q5T752,P50542,P60410,Q969R5,P56545,O95498,Q9H0Q3,O95674,Q8TBB6,P15622,Q13489,Q969G2,O15455,P15408,P34910,Q9UDW3,P09493,Q96KG9,Apa,P78356,ESAT6,Q04724,P36888,Q8IZU1,Q5SWW7,A1KXE4,P63244,O95159,P19875,O14958,Q7Z6I5,O95999,P50613,P34810,Q9P0N9,Q6DKK2,P10253,Q8N5M9,P40222,Q8IX05,Q9Y4L5,O43390,Q8NAM6,P57739,Q14807,Q16204,O14944,P41271,Q8N609,Q96B96,Q9H0X6,P25105,P06396,O14936,P09565,Q13303,Q8IZY2,D3DTS7,O14929,Q12959,P20138,Q14542,Q06455,Q9HB14,P27707,P13765,Q92993,Q86YM7,P21854,Q96D03,O75925,Q4VAX2,Q13206,Q00403,Q9UN30,O43760,P15407,O75771,Q9Y5V3,Q07889,Q8NDI1,P11362,Q7Z3Z4,P43628,A8K8P3,Q9H0A9,O14920,Q13636,P41222,Q9BYR2,Q6FHL7,P24593,Q03405,Q9NRR5,Q9Y282,O75478,Q96GG9,Q9H2L4,Q92731,Q92558,P08754,P02778,P09429,A2A2V5,Q8N103,P24278,P06930,P35638,O60437,O60496,Q9H082,Q8WTP8,Q8TCE9,Q01826,Q9Y5Q3,Q9H9P2,Q6P1J6,Q08357,Q9UQ90,O75817,Q9H4A9,Q548N1,P32927,Q3MIV0,O95568,Q5QGT7,Q3LI72,O43933,Q8NDH2,P45984,P08172,Q9Y2I6,Q96CJ1,Q9NRR4,P62805,Q15149,P84022,P17693,Q9Y6C2,P61328,Q13651,O14639,O60259,O94993,Q99959,P07307,P35348,Q15744,Q14CN2,Q7Z417,P25791,O15304,Q15011,P60369,Q14689,Q9BYM8,P62258,Q9Y679,Q96HB5,Q5T655,P06733,Q3KSU8,Q96C24,Q9P1N4,Q9NPR9,O75711,Q96SF7,O00160,Q9BVG3,Q9BT17,P02649,Q9H4L4,Q7Z7L1,P29466,Q9BU27,Q9Y5B8,Q9BX66,Q96IZ5,Q9H3L0,Q9C026,O75379,O00258,P78352,Q7Z3H0,P15976,Q86UV7,Q9Y285,Q92783,Q15125,P18848,P03495,Q02539,Q8IZW8,Q9NVV5,Q96F10,Q9UPU9,Q8N4L2,Q6ZNE9,Q14204,P78310,Q9BXJ8,O75385,P51681,Q08117,Q53HV7,Q8TDY2,Q96LC7,Q8IUQ4,Q96BD5,Q9HAQ2,Q15527,O75928,Q15942,P46783,P09086,Rv3668c,Q9UGI6,Q9UPP1,P02747,P07738,Q5RI15,P16401,Q63ZY3,P13498,Q9BPW0,P07550,Q16537,O43684,P67870,P01889,Q9H910,Q9Y266,Q8NBQ5,Q9J4B7,Q8TAQ5,Q9H201,Q96EV8,O14503,Q9HC52,Q9Y2W7,Q13444,Q9BZE0,O60293,Q96GM1,P21333,O75190,Q9H0W8,Q8N4V1,P08246,P40429,Q9UMX3,Q96SQ5,Q9Y458,Q96F81,Q00610,Q8NCR6,Q6P2R3,P56851,Q9H2F3,P28799,O75553,Q5QGZ9,Q9NQC3,Q9Y3L3,P13284,Q8N9Q2,Q92520,A8MQ03,Q6L8H2,P26678,Q96HA1,P02511,Q8N3L3,Q8WZ75,Q9BYN7,Q9BQ04,P01857,Q10586,A1A4E9,Q96NZ8,P13994,Q9Y4E8,Q86YD7,Q13263,P86496,Q9H788,O95183,O00233,P02766,Q99814,Q13387,Q9BVJ6,Q9NP31,P10244,Q96HH9,P54219,P35414,Q99795,Q02928,Q9H0R5,Q56P42,Q9H6H4,P50995,P16150,O60684,Q969X1,Q7LFX5,Q9BPV8,Q8N682,P61077,P49795,Q9Y342,P49716,Q8N3U4,P51787,Q9HBY8,Q6N075,Q8NDT2,Q9Y616,Q9P244,O14931,Q9Y271,O76024,Q86TB9,Q6GPH4,P49641,Q9BYV9,P22735,Q14690,Q9UHL0,O95478,Q9NS28,Q01844,Q9UIJ5,Q9NR45,O14908,P49238,Q8TAZ6,Q9H0M0,Q9UHB7,Q9Y371,Q9UBE0,Q8WZ42,P13667,O95273,P43487,Q6DKI1,Q9BWW4,P35968,Q6L8H1,P05556,Q9BVX2,Q9NQ76,Q86U70,Q3B820,Q9NUH8,Q96RT1,Q99835,Q9UBF1,O60832,P07858,Q6RSH7,Q9UIQ6,P07332,Q8WVV5,Q13761,P06753,P62136,P07333,Q969Z4,P20160,Q9UJT9,Q2I360,Q96B02,Q15532,Q96LR5,Q96CP6,O15496,P18146,Q494U1,P68104,Q8TAM1,P31249,Q9NV12,P61326,Q04206,P10321,O14933,Q9UN42,Q9HC97,Q9H5J4,P19338,P59998,Q13625,P09067,P17023,P42857,P18859,Q92796,Q8TAL5,P61981,P04278,P19174,Q8WY91,Q8TDQ0,P63000,Q9HCM9,P61020,Q1HVD6,P49770,Q14964,Q8WWP7,P10620,A6NGQ2,Q8TDX7,Q9Y4H4,Q93062,P36799,Q01628,P54252,Q9NV29,P45985,Q5TGU0,Q9UKT9,Q06481,P30536,P29033,P12956,Q9UFH2,Q02930,Q9UL01,P62837,Q99836,Q9UEU0,Q9Y2C9,P01133,P19397,Q92482,P0DP24,Q96ME1,Q13064,O43300,Q96A72,Q15008,Q96LR2,P04150,P28062,Q86UY8,Q6UXB4,P35240,P28702,P07766,O15553,Q7L5A8,Q86VE9,P63092,Q7L5N1,Q9Y2Q9,O43736,Q7Z4W3,Q8ND24,O75056,O75807,P43657,P01308,Q8WVX3,P35125,Q6IN85,Q13177,Q9Y508,Q8TEB9,P26436,Q14160,Q86UF1,Q8N6L0,O00602,Q6ZMZ0,P0CG20,Q9DHW0,O60880,P48745,Q9BSR8,Q15669,P0CG48,Q8N715,O00219,P04591,P18847,O14735,Q9Y242,Q9UF11,P04141,P16104,O75143,O43790,Q07325,O75351,Q8WUJ1,P08700,Q11130,Q8NEU8,Q9NZM3,P35372,O43602,Q9NYP9,P10745,Q5T7W7,Q16695,Q15645,O95450,P05164,P22732,P48067,Q9UHX1,P49768,Q6XD76,Q8NA61,Q96HR3,Q8TAF8,Q99952,P51116,P0DTC2,P23284,Q8WWY3,Q9H4G4,Q9HD20,P15289,Q9HCP0,Q9P2W7,Q14847,Q9H5V7,A8K932,Q15038,Q14CS0,Q8TB22,P24158,Q9BQA9,P04578,Q9H9B4,P06730,O43889,Q00839,Q13243,Q6PII5,LpqR,P55160,Q9UQB8,O43247,P36382,Q15836,Q9Y649,Q8NAF0,Q96MD2,Q9H257,P02652,O75844,A1L4K1,P29400,Q9H939,P41223,Q5VWK0,Q16082,Q6FG41,Q8N2W9,P08637,Q99250,P35080,Q15003,P51608,Q9HC98,Q5T7Y6,B2R8Y4,Q9NQZ8,P50897,Q15155,Q0VD86,O95751,O43610,P24821,Q9BQD7,Q92688,P50222,O43711,Q15323,Q92529,P29991,P08729,Q96LA8,P21802,O14595,P49821,Q8IYF3,Q14005,Q92574,Q96Q83,Q9NQT4,Q5S007,Q95J06,O95980,Q9NPY3,O60674,P06132,Q92995,Q9Y5J3,Q8TBE7,Q71DI3,Q99471,P15104,Q09161,Q13884,Q3SYB3,P27816,P61960,P19256,O14867,Q8NI38,P63279,P68400,Q04864,Q8N6G5,Q9NWB1,O14523,Q16719,P07947,Q9Y4K3,Q9P0B6,Q5BJF2,O43809,Q03188,P17275,P25774,Q9UI08,Q9ULI2,O75400,P19878,Q8N4V2,Q9Y4D2,Q9NQ94,Q9P286,Q8N4N8,O95777,P20339,Q9H2U1,O00299,O60488,Q8N7X8,P27930,P08151,P42680,O95551,Q969U6,Q6ZQQ6,Q5TD97,P03129,Q9NZG7,Q8WW24,Q8TBE3,Q02363,O60673,Q9H503,Q9HA82,P43220,P13796,Q13422,Q8IY31,P61106,P26583,Q96BZ8,Q9UBK5,Q99598,P78369,Q13520,P50281,Q6PL45,P60059,Q7Z6I6,Q3SXY8,Q9Y592,Q9BWH2,Q7Z7N9,A8K855,O43186,Q8WWN8,Q8IZP0,P11686,Q9UBN7,Q96B49,P27918,Q9BVK8,Q01344,Q96A09,P61968,Q53FD0,Q8TBP5,Q9Y5U9,A6NDP7,O14843,P14778,P35241,Q5RL73,Q02040,P43005,Q6IPM2,P21757,Q7Z7G0,Q15796,P18206,Q2MKA7,P54198,P21730,Q16539,Q13951,P10074,Q9Y4G8,P07108,Q9BUY5,Q5VZY2,Q03933,Q9Y328,Q96GW7,Q9BXX0,P78382,P0C6X7,Q86W74,Q9H3Z4,P31949,P48730,Q8N3T1,P15328,P24557,O43167,Q8IXB3,Q13523,Q86Y82,P04637,O43716,Q13882,Q9NPH5,Q8TB24,Q9H2S9,Q9BU76,Q8WV28,P41146,Q9HB71,Q9Y4Z0,Q3SYF9,Q9GZR5,Q8N1L9,P26715,Q9UHV2,O14880,Q9Y250,Q96ED9,G5E9A7,Q9BZW7,P31358,Q9NW38,Q9BYP8,Q9NVL1,P08311,Q7L2Z9,O43482,Q8IVJ1,Q8N6T3,P07949,Q2TBE0,Q969Q4,P21549,Q969F0,Q9BYQ7,P13521,Q8NBD8,P30273,Q96RJ3,Q99717,P03508,O75558,Q9UF56,Q96MV1,Q5VWC8,Q9UMR7,Q96PU5,O15403,Q8N5K1,Q9Y2V2,Q9UHV8,P09622,Q8IUN9,Q6ZMQ8,Q9BZL4,P26951,P07355,Q15233,Q6L8G8,Q6IA69,P02533,Q13449,Q14524,O75127,P13236,Q8N3Z6,Q9HC29,Q4KMG9,P98171,P02776,O43566,Q7Z5P4,Q15560,P25106,Q96KK5,P41219,Q16625,Q9NYG5,Q3LI64,Q9Y3C7,P01903,O14817,P09467,P10632,P32249,Q92982,P32121,Q9UK41,P25100,Q9P2W3,Q92624,Q15751,O15354,Q99801,P07954,P16885,Q9H0R3,Q9NZC7,Q14254,G3V1X1,P50454,Q9UQE7,Q9NV31,Q8IVS8,O95236,Q7Z589,Q5SSJ5,Q969H4,P43116,Q9NU39,Q15306,Q14192,Q8IYX8,O43169,P08631,Q03463,Q8IZ07,Q9BXR5,P59942,O75208,P49961,Q5TA79,O95391,Q13418,P61956,P42574,Q92843,Q6ZUI0,Q96NH3,Q96QZ7,P55197,Q96HE8,Q13137,Q5TCM9,Q63HR2,Q6UXY1,Q9BYR8,O43633,Q86U86,Q9H0D6,Q9UBM1,O43559,P00441,Q8WW01,O75886,Q9NYX4,Q8TF74,Q0VDC6,Q9H1D9,Q70EL1,Q99757,P51451,Q13635,Q16659,Q9HCP6,Q96CM8,Q9H4A3,P61224,P31513,Q52LG2,Q92576,Q96N67,O60784,Q12982,Q5T230,O95229,P41212,P02724,Q569H4,Q13568,P05412,Q6UWX4,Q8N6R1,Q8WUM4,Q6A162,Q8IUE6,Q15041,Q96JC9,Q9BYD5,Q8IUG1,Q92845,P68402,O75603,O43741,Q86Z23,P54829,P62826,P10636,P62714,Q9BSH3,O14645,Q08629,Q86WK6,Q2TAL6,P20700,Q9Y490,Q3KNW5,Q9UD71,Q15642,Q9BZR9,A8K0Z3,Q9BRU9,Q9UKJ1,P30304,O95393,P12524,P05090,Q13905,P35579,Q53G59,Q99614,P0DSV7,Q8TDT2,Q8WXK1,Q15327,Q99972,Q8IYE1,P31937,P21860,Q15714,Q7Z6G8,O00471,P0DP23,Q96J01,Q6UXX9,P02792
Q8TAG5,Q9Y5Y2,P49790,P35408,P78560,Q9BSK4,Q8WXH2,P29017,P57076,O75439,Q8WXE1,A2ABF9,Q03001,Q9BPY8,O43707,Q9C0K1,Q9BY42,Q9Y3M9,P10451,P16749,Q96KQ7,Q96HD9,Q14493,P18433,Q9UBB4,Q12981,O00499,P20592,P09601,Q9Y2I1,Q9UQB3,Q9NX61,Q06830,O00151,Q8NEZ3,Q9UJX3,Q07866,P30519,Q5T442,Q92782,Q5VTB9,Q6ZSY5,P62191,Q9Y2Z0,Q7KZF4,Q49AN0
P19793,P32189,P08684,Q96KA5,Q06278,P02743,P22736,Q04637,O94829,O14841,P21695,Q9NVF7
P98066,P48039,P02741,P08603,P26022,P09038
Q8TAA9,Q8IU85,O60234,A5PKW4
P29728,P49761,Q96EF6,O94885
P62879,O14610,Q9HAV0,P62873
P08567,O75326,P08563,O60486
P20036,P56557,O75829,O95807
P63173,Q6PI73,Q9ULK0,P02708
P29692,Q9NUW4,P09326,Q8TDN6
Q2QGD7,P33076,P98168,P48382
Q8TAM6,Q8WWV3,P35222
O00453,Q8WUQ7,Q7L622
Q93091,P36575
O75581,Q9UBR5
Q10588,P18428
Q13075,P55211
O94768,P62847
P59901,Q10589
Q15700,P28039
Q8IY57,Q8TDQ1
O95727,Q9BY67
